39264|||AG Steckby-Kermen mbH|Zerbst/Anhalt Stadt|250718|836|None||No Address|||No Business Description|No Business Name|https://duckduckgo.com/?q=AG+Steckby-Kermen+mbH+site%3Ahttp%3A%2F%2Fwww.firmenwissen.de%2F|None
18528|||Gutsverwaltung Dubkevitz GbR|Parchtitz|250169|834|None||No Address|||No Business Description|No Business Name|http://www.firmenwissen.de/az/firmeneintrag/18528/3190095960/LUEDER_ANTON_VON_WERSEBE_JOHANN_VON_WERSEBE_UND_MAURITZ_VON_WERSEBE.html|Mauritz.Wersebe@Ruegenkaten.de
4668|||Sornziger Vielfrucht GmbH|Grimma Stadt|250156|834|None||No Address|||No Business Description|No Business Name|http://www.firmenwissen.de/az/firmeneintrag/04668/3150016492/SORNZIGER_VIELFRUCHT_GMBH.html|vielfrucht@obstland.de
39345|||AHP Landw.s-GmbH Vahldorf|Niedere Börde|249608|832|None||No Address|||No Business Description|No Business Name|https://duckduckgo.com/?q=AHP+Landw.s-GmbH+Vahldorf+site%3Ahttp%3A%2F%2Fwww.firmenwissen.de%2F|None
39365|||Agrargen. Wefensleben e.G.|Wefensleben|249571|832|None||No Address|||No Business Description|No Business Name|https://duckduckgo.com/?q=Agrargen.+Wefensleben+e.G.+site%3Ahttp%3A%2F%2Fwww.firmenwissen.de%2F|None
23777|||ACT Land-/Forstwirtschaft GmbH|Heringsdorf|249304|831|None||No Address|||No Business Description|No Business Name|http://www.firmenwissen.de/az/firmeneintrag/20099/2150216732/ACT_LAND_UND_FORSTWIRTSCHAFT_GMBH.html|None
4703|||Gut Börtewitz GbR vertr. d. Herrn Andreas Reese|Leisnig Stadt|249044|830|None||No Address|||No Business Description|No Business Name|https://duckduckgo.com/?q=Gut+B%C3%B6rtewitz+GbR+vertr.+d.+Herrn+Andreas+Reese+site%3Ahttp%3A%2F%2Fwww.firmenwissen.de%2F|None
18195|||Grammow GbR|Thelkow|248719|829|None||No Address|||No Business Description|No Business Name|http://www.firmenwissen.de/az/firmeneintrag/18195/3190417442/S_D_KRAFT_FUERST_ZU_HOHENLOHNE_OEHRINGEN_S_D_KRAFT_PRINZ_ZU_HOHENLOHE_OEHRINGEN_UND_KATHARINA_FUERSTIN_ZU_HOHENLOHE_OEHRINGEN.html|None
17291|||GbR Marscheider / Gest|Nordwestuckermark|248286|828|None||No Address|||No Business Description|No Business Name|http://www.firmenwissen.de/az/1/7/2/9/1_9.html|None
19300|||AgriKultur Werle GmbH|Prislich|248159|827|None||No Address|||No Business Description|No Business Name|http://www.firmenwissen.de/az/firmeneintrag/19300/3330022927/AGRIKULTUR_WERLE_GMBH.html|thomas.eben@agrikultur.land
6618|||GbR Hinniger/Jahr/Walter|Molauer Land|248006|827|None||No Address|||No Business Description|No Business Name|http://www.firmenwissen.de/az/firmeneintrag/06618/3130019439/ROLAND_JAHR_CONRAD_KUHN_WOLFRAM_HINNIGER.html|None
39448|||Pächtergemeinschaft -Börde- Westeregeln GbR|Börde-Hakel|247947|826|None||No Address|||No Business Description|No Business Name|https://duckduckgo.com/?q=P%C3%A4chtergemeinschaft+-B%C3%B6rde-+Westeregeln+GbR+site%3Ahttp%3A%2F%2Fwww.firmenwissen.de%2F|None
7937|||Daum-Daum und Lautenschläger GbR|Zeulenroda-Triebes Stadt|247556|825|None||No Address|||No Business Description|No Business Name|http://www.firmenwissen.de/az/firmeneintrag/30916/2190481363/KLAUS_EMIL_DAUM_SABINE_LENZ_GBR_DAUM_S_GARTENTECHNIK.html|info@teichbau-informationen.de
9526|||Agrarhof Saidenberg GmbH|Pfaffroda|247536|825|None||No Address|||No Business Description|No Business Name|http://www.firmenwissen.de/az/firmeneintrag/09548/3030039688/AGRARHOF_SAIDENBERG_GMBH.html|None
18320|||ADAP Rinderzucht GmbH|Ahrenshagen-Daskow|247457|825|None||No Address|||No Business Description|No Business Name|http://www.firmenwissen.de/az/firmeneintrag/18320/3190154456/ADAP_RINDERZUCHT_GMBH.html|technik@adap.de
6458|||Schulze Niehoff GbR|Selke-Aue|247144|824|None||No Address|||No Business Description|No Business Name|http://www.firmenwissen.de/az/firmeneintrag/48346/3130052812/NORBERT_SCHULZE_NIEHOFF_WILHELMA_SCHULZE_NIEHOFF_GBR_LANDWIRTSCHAFTSBETRIEB.html|None
9212|||WKU Agrarhof Wolkenburg GmbH & Co. KG Kompl.-GmbHdiese Gesch.führer|Limbach-Oberfrohna Stadt|246952|823|None||No Address|||No Business Description|No Business Name|https://duckduckgo.com/?q=WKU+Agrarhof+Wolkenburg+GmbH+%26+Co.+KG+Kompl.-GmbHdiese+Gesch.f%C3%BChrer+site%3Ahttp%3A%2F%2Fwww.firmenwissen.de%2F|None
16307|||Agr. Ges. Hohenreinkendorf mbH|Gartz (Oder) Stadt|246893|823|None||No Address|||No Business Description|No Business Name|https://duckduckgo.com/?q=Agr.+Ges.+Hohenreinkendorf+mbH+site%3Ahttp%3A%2F%2Fwww.firmenwissen.de%2F|None
99718|||LANDWIRTSCHAFTSBETRIEB Halecker GbR|Oberbösa|246683|822|None||No Address|||No Business Description|No Business Name|http://www.firmenwissen.de/az/1/7/3/9/8_2.html|None
16269|||AGRO Tierzucht u. Pflanzen produktion GmbH Schulzendorf|Wriezen Stadt|246431|821|None||No Address|||No Business Description|No Business Name|https://duckduckgo.com/?q=AGRO+Tierzucht+u.+Pflanzen+produktion+GmbH+Schulzendorf+site%3Ahttp%3A%2F%2Fwww.firmenwissen.de%2F|None
17391|||Agrar Produktions- und Verarbeitungs GmbH|Iven|246346|821|None||No Address|||No Business Description|No Business Name|http://www.firmenwissen.de/az/1/8/3/2/0_1.html|None
9474|||AFS Agrarfarm GmbH Schlettau & Co.BetriebsKG GmbHdiese|Crottendorf|245997|820|None||No Address|||No Business Description|No Business Name|http://www.firmenwissen.de/az/firmeneintrag/09487/3310016227/AFS_AGRARFARM_GMBH_SCHLETTAU.html|agrarfarm_schlettau@yahoo.de
19075|||Landwirtschaftsbetrieb Greven Carstens KG|Granzin|245881|820|None||No Address|||No Business Description|No Business Name|http://www.firmenwissen.de/az/firmeneintrag/19386/3330046059/LANDWIRTSCHAFTSBETRIEB_GREVEN_CARSTENS_KG.html|None
4435|||Glesiener Pflanzenbau GmbH & Co. KG SIGMUS GmbH diese|Schkeuditz Stadt|245526|818|None||No Address|||No Business Description|No Business Name|http://www.firmenwissen.de/az/firmeneintrag/24357/2230210400/BALTIC_AGRAR_GMBH_CO_KG.html|None
1833|||Milchviehanlage Langenwolmsdorf KG Komplementäre|Stolpen Stadt|245517|818|None||No Address|||No Business Description|No Business Name|http://www.firmenwissen.de/az/firmeneintrag/2402/9110752896/ANDREAS_PLANINGER_KG.html|None
24814|||Eider Landbau GbR|Sehestedt|245429|818|None||No Address|||No Business Description|No Business Name|https://duckduckgo.com/?q=Eider+Landbau+GbR+site%3Ahttp%3A%2F%2Fwww.firmenwissen.de%2F|None
98596|||Agrar GmbH Kohlberg|Floh-Seligenthal|245380|818|None||No Address|||No Business Description|No Business Name|http://www.firmenwissen.de/az/firmeneintrag/98596/3210087987/AGRAR_GMBH_KOHLBERG.html|None
17391|||Bugislaus Agrar GbR Helen und Ludwig|Kruckow|245243|817|None||No Address|||No Business Description|No Business Name|http://www.firmenwissen.de/az/firmeneintrag/17391/3490129216/LUDWIG_BURGISLAUS_UND_HELEN_BUGISLAUS.html|None
16909|||WF Aufzucht GmbH|Heiligengrabe|245202|817|None||No Address|||No Business Description|No Business Name|http://www.firmenwissen.de/az/firmeneintrag/16909/3270033140/WF_AUFZUCHT_GMBH.html|None
14778|||Domstiftsgüter Brandenburg GmbH & Co. KG|Beetzseeheide|245037|817|None||No Address|||No Business Description|No Business Name|http://www.firmenwissen.de/az/firmeneintrag/14778/3270104492/DOMSTIFTSGUETER_BRANDENBURG_SPARGEL_U_BEERENFRUECHTE_GMBH_CO_KG.html|info@domspargel.de
37120|||Plesse-Milch-GmbH & Co. KG|Bovenden Flecken|244552|815|None||No Address|||No Business Description|No Business Name|http://www.firmenwissen.de/az/firmeneintrag/37120/2110183934/PLESSE_MILCH_ENERGIE_GMBH_CO_KG.html|None
14822|||Brücker Agrar u. Land.GbR|Brück Stadt|243636|812|None||No Address|||No Business Description|No Business Name|http://www.firmenwissen.de/az/is_52.html|None
48653|||Ackerbau Klümper e. K. Alexander|Zerbst/Anhalt Stadt|241682|806|None||No Address|||No Business Description|No Business Name|http://www.firmenwissen.de/az/is_52.html|None
38489|||Bierstedt Agrar-GmbH & Co. KG|Rohrberg|241591|805|None||No Address|||No Business Description|No Business Name|http://www.firmenwissen.de/az/firmeneintrag/38489/3350075680/BIERSTEDT_AGRAR_GMBH_CO_KG.html|bierstedtagrarschule@web.de
15324|||Birkenhof GmbH Staffelde - Geflügelmast|Mescherin|241466|805|None||No Address|||No Business Description|No Business Name|http://www.firmenwissen.de/az/firmeneintrag/15324/3250051107/BIRKENHOF_GEFLUEGELMAST_GMBH_STAFFELDE.html|None
17268|||Agrarbetr. Röddelin GmbH|Templin Stadt|241328|804|None||No Address|||No Business Description|No Business Name|https://duckduckgo.com/?q=Agrarbetr.+R%C3%B6ddelin+GmbH+site%3Ahttp%3A%2F%2Fwww.firmenwissen.de%2F|None
39345|||Ohretal Agrar-VermögensGbRmbH|Haldensleben Stadt|241278|804|None||No Address|||No Business Description|No Business Name|https://duckduckgo.com/?q=Ohretal+Agrar-Verm%C3%B6gensGbRmbH+site%3Ahttp%3A%2F%2Fwww.firmenwissen.de%2F|None
6198|||J & S Nuscheler GbR|Salzatal|240870|803|None||No Address|||No Business Description|No Business Name|http://www.firmenwissen.de/az/0/6/1/9/8_5.html|None
15518|||MILSANA - Handels- & Produkt. gesellschaft mbH|Steinhöfel|239800|799|None||No Address|||No Business Description|No Business Name|http://www.firmenwissen.de/az/firmeneintrag/33602/4010222039/MANTELHAUS_TECHNOLOGIETRANSFER_IM_BAUBEREICH_GMBH.html|None
17194|||Agrargenossenschaft  Lupendorf e. G.|Moltzow|239764|799|None||No Address|||No Business Description|No Business Name|http://www.firmenwissen.de/az/firmeneintrag/17194/3490015260/AGRARGENOSSENSCHAFT_LUPENDORF_E_G.html|noak.ag-lupendorf@t-online.de
29410|||Agrikult GmbH & Co. KG|Salzwedel Hansestadt|239613|799|None||No Address|||No Business Description|No Business Name|http://www.firmenwissen.de/az/firmeneintrag/29410/3350078150/AGRIKULT_GMBH_CO_KG.html|bg-eversdorf@t-online.de
4720|||Wolters-Schröder GbR  Herren H.-J. Wolters und H.-H.Schröder|Mochau|239361|798|None||No Address|||No Business Description|No Business Name|http://www.firmenwissen.de/az/ch_131.html|None
18246|||Agrarproduktion Vorbeck GbR|Schwaan Stadt|238405|795|None||No Address|||No Business Description|No Business Name|http://www.firmenwissen.de/az/firmeneintrag/18258/3190279605/LIANE_KREESMANN_MARIANNE_NUEHMANN_HEIDE_WIESEN_GBR.html|None
19357|||GbR Dambecker Feld|Dambeck|237291|791|None||No Address|||No Business Description|No Business Name|http://www.firmenwissen.de/az/firmeneintrag/19357/3330075007/BARBARA_WILLER_UND_MATTHIAS_GUENTHER_DAMBECKER_FELD_GBR.html|None
17268|||AEVG eG. Stegelitz  / Flieth|Flieth-Stegelitz|237189|791|None||No Address|||No Business Description|No Business Name|https://duckduckgo.com/?q=AEVG+eG.+Stegelitz++%2F+Flieth+site%3Ahttp%3A%2F%2Fwww.firmenwissen.de%2F|None
39615|||Günther u. Maria von Jagow GbR|Aland|237177|791|None||No Address|||No Business Description|No Business Name|https://duckduckgo.com/?q=G%C3%BCnther+u.+Maria+von+Jagow+GbR+site%3Ahttp%3A%2F%2Fwww.firmenwissen.de%2F|None
4924|||Osterhuber Agrar GmbH Gut Prie|Bad Liebenwerda Stadt|236376|788|None||No Address|||No Business Description|No Business Name|http://www.firmenwissen.de/az/firmeneintrag/04924/3050038512/OSTERHUBER_AGRAR_GMBH_GUT_PRIESCHKA.html|gut.prieschka@t-online.de
99625|||agk Marktfrucht GmbH|Kölleda Stadt|235839|786|None||No Address|||No Business Description|No Business Name|http://www.firmenwissen.de/az/firmeneintrag/99625/3450030061/AGK_MARKTFRUCHT_GMBH.html|None
24211|||Stiftung Gut Wahlstorf|Wahlstorf|235835|786|None||No Address|||No Business Description|No Business Name|http://www.firmenwissen.de/az/firmeneintrag/24241/2230164417/GUENTHER_FIELMANN_STIFTUNG_SCHIERENSEE.html|info@gutschierensee.de
8396|||Waldenburger Agrar GmbH & Co KGHerrn Stiegler|Waldenburg Stadt|235827|786|None||No Address|||No Business Description|No Business Name|http://www.firmenwissen.de/az/firmeneintrag/08396/3310165018/WALDENBURGER_AGRAR_GMBH_CO_KG.html|None
39649|||Agro GbR Köckte|Gardelegen Hansestadt|235575|785|None||No Address|||No Business Description|No Business Name|http://www.firmenwissen.de/az/firmeneintrag/39649/3350035369/VOLKER_LOHPENZ_INGO_ERXLEBEN_GBR_AGRO_GBR.html|agrogbrkoeckte@t-online.de
99735|||Hofgut Hünstein GbR  JungermannRespondekJungermann|Nohra|235560|785|None||No Address|||No Business Description|No Business Name|https://duckduckgo.com/?q=Hofgut+H%C3%BCnstein+GbR++JungermannRespondekJungermann+site%3Ahttp%3A%2F%2Fwww.firmenwissen.de%2F|None
18442|||Lw.ges. Mackeprang / Thies GbR|Pantelitz|235536|785|None||No Address|||No Business Description|No Business Name|https://duckduckgo.com/?q=Lw.ges.+Mackeprang+%2F+Thies+GbR+site%3Ahttp%3A%2F%2Fwww.firmenwissen.de%2F|None
17291|||Tiplo TP + PP Hohengüstow GmbH|Uckerfelde|235022|783|None||No Address|||No Business Description|No Business Name|https://duckduckgo.com/?q=Tiplo+TP+%2B+PP+Hoheng%C3%BCstow+GmbH+site%3Ahttp%3A%2F%2Fwww.firmenwissen.de%2F|None
19209|||Marktfrucht Reparatur- und Transport GmbH Badow|Schildetal|234934|783|None||No Address|||No Business Description|No Business Name|http://www.firmenwissen.de/az/firmeneintrag/19209/3330037539/MARKTFRUCHT_REPARATUR_UND_TRANSPORTDIENSTLEISTUNGSGESELLSCHAFT_BADOW_MBH.html|None
39579|||AG Badingen eG|Bismark (Altmark) Stadt|234888|783|None||No Address|||No Business Description|No Business Name|http://www.firmenwissen.de/cms/mein-unternehmen/|None
16248|||MTK Hohenfinow GmbH|Hohenfinow|234439|781|None||No Address|||No Business Description|No Business Name|http://www.firmenwissen.de/az/firmeneintrag/16248/3250248095/MTK_HOHENFINOW_GMBH.html|None
99869|||MVA Schwabhausen GmbH & Co. KG|Schwabhausen|234398|781|None||No Address|||No Business Description|No Business Name|http://www.firmenwissen.de/az/firmeneintrag/99869/3230220411/MVA_SCHWABHAUSEN_GMBH_CO_KG.html|None
37287|||Dilling Agrar GbR|Wehretal|234267|781|None||No Address|||No Business Description|No Business Name|http://www.firmenwissen.de/az/firmeneintrag/06246/3130081767/OTTMAR_DILLING_KATHARINA_DILLING_GBR_AGRAR_DILLING_GBR.html|ottmar-dilling@t-online.de
1616|||Theinert & Rienecker GbR Landwirtschaftsbetrieb vertr. d. D.Theinert U.Theinert oder K. Rienecker|Strehla Stadt|233867|780|None||No Address|||No Business Description|No Business Name|https://duckduckgo.com/?q=Theinert+%26+Rienecker+GbR+Landwirtschaftsbetrieb+vertr.+d.+D.Theinert+U.Theinert+oder+K.+Rienecker+site%3Ahttp%3A%2F%2Fwww.firmenwissen.de%2F|None
17209|||Stotz & Szustak GbR|Fincken|233704|779|None||No Address|||No Business Description|No Business Name|http://www.firmenwissen.de/az/firmeneintrag/17209/3490151220/STOTZ_SZUSTAK_BROOCK_WESSENTIN_GBR.html|None
99976|||Agrar GmbH Beberstedt|Dünwald|233589|779|None||No Address|||No Business Description|No Business Name|http://www.firmenwissen.de/az/firmeneintrag/99976/3230050797/AGRAR_GMBH_BEBERSTEDT.html|info@atv-holding.de
32816|||Ostwestfalen Agrar GmbH + Co. KG|Schieder-Schwalenberg Stadt|233563|779|None||No Address|||No Business Description|No Business Name|http://www.firmenwissen.de/az/firmeneintrag/32839/4170163130/OSTWESTFALEN_AGRAR_GMBH_CO_KG.html|None
39319|||Braunschweig/Ziegeler GbR|Jerichow Stadt|233239|777|None||No Address|||No Business Description|No Business Name|http://www.firmenwissen.de/az/firmeneintrag/38100/2030340274/JOERN_SIEGEL_JENNIFER_BECKMANN_FAHRSCHULE_SMILE_GBR.html|info@smile-fahrschule.de
7356|||Neundorfer Rinderhof GmbH|Neundorf (bei Lobenstein)|230549|768|None||No Address|||No Business Description|No Business Name|http://www.firmenwissen.de/az/firmeneintrag/07356/3430015676/NEUNDORFER_RINDERHOF_GMBH.html|None
17209|||Agrargesellschaft Sietow mbH|Sietow|230313|768|None||No Address|||No Business Description|No Business Name|http://www.firmenwissen.de/az/firmeneintrag/17209/3490017931/AGRARGESELLSCHAFT_SIETOW_MBH.html|agsietow@t-online.de
18246|||Agrarhöfe Göllin/Laase GbR|Bernitt|230150|767|None||No Address|||No Business Description|No Business Name|http://www.firmenwissen.de/az/firmeneintrag/18246/3190138733/MANFRED_BISSA_GUENTHER_WEGNER_AGRAR_KLEIN_GMBH_KLEIN_SIEN_AGRARHOEFE_LAASE_GBR.html|None
17121|||Rustower Marktfrucht GmbH & Co.KG|Loitz Stadt|230065|767|None||No Address|||No Business Description|No Business Name|http://www.firmenwissen.de/az/firmeneintrag/17121/3490057577/RUSTOWER_MARKTFRUCHT_GMBH_CO_KG.html|None
4838|||Laufer GbRter und Gabriele Laufer|Jesewitz|230007|767|None||No Address|||No Business Description|No Business Name|https://duckduckgo.com/?q=Laufer+GbRter+und+Gabriele+Laufer+site%3Ahttp%3A%2F%2Fwww.firmenwissen.de%2F|None
72532|||HUL Marbach|Gomadingen|229997|767|None||No Address|||No Business Description|No Business Name|https://duckduckgo.com/?q=HUL+Marbach+site%3Ahttp%3A%2F%2Fwww.firmenwissen.de%2F|None
17335|||Deutsche Wildtier Stiftung|Strasburg (Uckermark) Stadt|229754|766|None||No Address|||No Business Description|No Business Name|http://www.firmenwissen.de/az/firmeneintrag/20251/2150547049/DEUTSCHE_WILDTIER_STIFTUNG.html|info@DeutscheWildtierStiftung.de
19217|||Bäuerl. Betriebsgemeinschaft Dechow GmbH|Dechow|229518|765|None||No Address|||No Business Description|No Business Name|https://duckduckgo.com/?q=B%C3%A4uerl.+Betriebsgemeinschaft+Dechow+GmbH+site%3Ahttp%3A%2F%2Fwww.firmenwissen.de%2F|None
17219|||GbR Roland & Thomas Wilisch Marktfrucht und Mastschwein|Möllenhagen|229508|765|None||No Address|||No Business Description|No Business Name|https://duckduckgo.com/?q=GbR+Roland+%26+Thomas+Wilisch+Marktfrucht+und+Mastschwein+site%3Ahttp%3A%2F%2Fwww.firmenwissen.de%2F|None
17094|||Landgem. Gr. Nemerow e.G.|Groß Nemerow|229485|765|None||No Address|||No Business Description|No Business Name|https://duckduckgo.com/?q=Landgem.+Gr.+Nemerow+e.G.+site%3Ahttp%3A%2F%2Fwww.firmenwissen.de%2F|None
17139|||Bauernhof Beck GbR Friedrich und Andreas|Faulenrost|229444|765|None||No Address|||No Business Description|No Business Name|http://www.firmenwissen.de/az/0/4/6/8/0_1.html|None
37154|||Agrocon GbR|Northeim Stadt|229259|764|None||No Address|||No Business Description|No Business Name|http://www.firmenwissen.de/az/firmeneintrag/37154/2130103850/VON_PLATE_FRHR_VON_STRALENHEIM_U_FRHR_VON_OLDERSHAUSEN_AGROCON_GBR.html|None
39448|||Stiftungsgut Egeln KG|Börde-Hakel|228695|762|None||No Address|||No Business Description|No Business Name|http://www.firmenwissen.de/az/firmeneintrag/39448/3170252860/STIFTUNGSGUT_EGELN_KG.html|lswe@pgboerde.de
39218|||GbR Trost CH|Schönebeck (Elbe) Stadt|228460|762|None||No Address|||No Business Description|No Business Name|http://www.firmenwissen.de/az/ch_34.html|None
16306|||LWB  Woltersdorf e.G.|Casekow|228408|761|None||No Address|||No Business Description|No Business Name|https://duckduckgo.com/?q=LWB++Woltersdorf+e.G.+site%3Ahttp%3A%2F%2Fwww.firmenwissen.de%2F|None
17089|||Tollense GbR|Grapzow|228269|761|None||No Address|||No Business Description|No Business Name|http://www.firmenwissen.de/az/firmeneintrag/17089/3490210425/TOLLENSE_KONTOR_GMBH_CO_KG.html|None
39539|||Donau GbR|Havelberg Hansestadt|228231|761|None||No Address|||No Business Description|No Business Name|http://www.firmenwissen.de/az/firmeneintrag/88499/8270287620/BENEDIKT_SCHOENLE_HELMUT_SCHOENLE_DONAU_SPHAEREN_HOF_GBR.html|None
17498|||GbR Ehrenberg / Schulz|Mesekenhagen|228213|761|None||No Address|||No Business Description|No Business Name|http://www.firmenwissen.de/az/1/7/4/9/8_1.html|None
4668|||Döhler Feld- & Wildbewirtschaftung Reinhard|Grimma Stadt|228170|761|None||No Address|||No Business Description|No Business Name|http://www.firmenwissen.de/az/firmeneintrag/04668/3150144238/REINHARD_DOEHLER_FELD_UND_WILDBEWIRTSCHAFTUNG.html|None
6712|||GbR Stemmer|Kretzschau|227615|759|None||No Address|||No Business Description|No Business Name|http://www.firmenwissen.de/az/firmeneintrag/86554/8030366025/HELMUT_MARTINA_STEMMER_GBR_DIENSTLEISTUNG.html|None
17237|||RMS-Bauernprodukt e.G.|Blankensee|227178|757|None||No Address|||No Business Description|No Business Name|http://www.firmenwissen.de/az/firmeneintrag/17237/3490003406/RMS_BAUERNPRODUKT_E_G.html|None
18516|||Agrarunternehmen Zarnewanz Gmb|Süderholz|227164|757|None||No Address|||No Business Description|No Business Name|http://www.firmenwissen.de/az/firmeneintrag/18516/3190311229/AGRARUNTERNEHMEN_ZARNEWANZ_GMBH.html|None
72525|||Schäferei Stotz GbR|Münsingen Stadt|226551|755|None||No Address|||No Business Description|No Business Name|http://www.firmenwissen.de/az/firmeneintrag/65623/6170073229/ACHIM_STOTZ_ALEXANDER_MANZ_GBR_GERUESTBAU.html|alexandermanz@t-online.de
31319|||MÜKRO GbR|Sehnde Stadt|226464|755|None||No Address|||No Business Description|No Business Name|http://www.firmenwissen.de/az/firmeneintrag/31319/2190608182/MUEKRO_BIOENERGIE_GMBH_CO_KG.html|None
38667|||Harzland GbR|Bad Harzburg Stadt|225259|751|None||No Address|||No Business Description|No Business Name|http://www.firmenwissen.de/az/firmeneintrag/38667/2130102622/U_EDEL_HEIDHUES_S_STRUBE_H_ZEISER_UND_H_LUEDECKE_HARZLAND_GBR.html|harzland-gbr@t-online.de
9432|||Bauernland Mutterkuh GmbH /die|Großolbersdorf|225139|750|None||No Address|||No Business Description|No Business Name|http://www.firmenwissen.de/az/firmeneintrag/09432/3030079777/BAUERNLAND_MUTTERKUH_GMBH.html|info@bauernland-ag.de
39615|||Müller GbR|Seehausen (Altmark) Hansestadt|225136|750|None||No Address|||No Business Description|No Business Name|http://www.firmenwissen.de/az/firmeneintrag/16775/2012119143/BERND_MUELLER_UND_CHRISTIAN_MUELLER_GBR_BEMA_BAU.html|info@bema-bau.net
16306|||LEG Luckow-Petershg. MBH|Casekow|225086|750|None||No Address|||No Business Description|No Business Name|https://duckduckgo.com/?q=LEG+Luckow-Petershg.+MBH+site%3Ahttp%3A%2F%2Fwww.firmenwissen.de%2F|None
19357|||Ackerbau GbR Balow&Möllenbeck Balow & Möllenbeck|Dambeck|225024|750|None||No Address|||No Business Description|No Business Name|https://duckduckgo.com/?q=Ackerbau+GbR+Balow%26M%C3%B6llenbeck+Balow+%26+M%C3%B6llenbeck+site%3Ahttp%3A%2F%2Fwww.firmenwissen.de%2F|None
18445|||Gehrig GbR|Vorbeck|224985|750|None||No Address|||No Business Description|No Business Name|http://www.firmenwissen.de/az/firmeneintrag/18445/3190216550/MARCUS_GEHRIG_UND_URS_GEHRIG.html|None
38116|||Friedrich-Löffler-Institut|Braunschweig Stadt|224934|750|None||No Address|||No Business Description|No Business Name|http://www.firmenwissen.de/az/firmeneintrag/17493/3190225997/FOERDERVEREIN_DES_FRIEDRICH_LOEFFLER_INSTITUTS_BUNDES_FORSCHUNGSINSTITUT_FUER.html|info@fli.bund.de
16766|||RAG Kremmen mbH|Kremmen Stadt|224558|749|None||No Address|||No Business Description|No Business Name|https://duckduckgo.com/?q=RAG+Kremmen+mbH+site%3Ahttp%3A%2F%2Fwww.firmenwissen.de%2F|None
17326|||Brüssower LPG  AG|Brüssow Stadt|224400|748|None||No Address|||No Business Description|No Business Name|http://www.firmenwissen.de/az/firmeneintrag/17326/3490007139/BRUESSOWER_LANDWIRTSCHAFTLICHE_PRODUKTIONSGESELLSCHAFT_AG.html|None
39517|||Kahmann/Allmrodt GbR|Tangerhütte Stadt|224278|748|None||No Address|||No Business Description|No Business Name|http://www.firmenwissen.de/az/5/8/3/3/9_3.html|None
23942|||GbR Johannstorff|Dassow Stadt|223839|746|None||No Address|||No Business Description|No Business Name|http://www.firmenwissen.de/az/firmeneintrag/23942/3330057522/HANS_HENNING_REKITTKE_UND_XENIA_REKITTKE.html|None
38173|||Helmut & Reinhard Lalla GbR|Sickte|223686|746|None||No Address|||No Business Description|No Business Name|http://www.firmenwissen.de/az/firmeneintrag/38173/2030105351/HELMUT_LALLA_REINHARD_LALLA_LANDWIRTSCHAFT.html|None
17291|||Agr.pr. Lindenhagen GmbH&CoKG|Nordwestuckermark|223675|746|None||No Address|||No Business Description|No Business Name|https://duckduckgo.com/?q=Agr.pr.+Lindenhagen+GmbH%26CoKG+site%3Ahttp%3A%2F%2Fwww.firmenwissen.de%2F|None
6188|||LWB Gipp GmbH & Co. KG|Halle (Saale) Stadt|223426|745|None||No Address|||No Business Description|No Business Name|http://www.firmenwissen.de/az/firmeneintrag/06188/3130311804/LWB_GIPP_GMBH_CO_KG.html|landsberg@abg-ag.de
18516|||Remer & Schröder Kaschower Agrar OHG|Süderholz|222985|743|None||No Address|||No Business Description|No Business Name|http://www.firmenwissen.de/az/firmeneintrag/18516/3190095569/REMER_SCHROEDER_KASCHOWER_AGRAR_OHG.html|kaschow@utl-reinberg.de
98639|||RP Rinderproduktion und Landschaftspflege Metzels GmbH|Meiningen Stadt|222137|740|None||No Address|||No Business Description|No Business Name|http://www.firmenwissen.de/az/firmeneintrag/98639/3210045002/RP_RINDERPRODUKTION_UND_LANDSCHAFTSPFLEGE_METZELS_GMBH.html|None
30926|||Gutsverwaltung von Alten GbR|Seelze Stadt|221988|740|None||No Address|||No Business Description|No Business Name|http://www.firmenwissen.de/az/firmeneintrag/30926/2190167414/CHRISTIAN_FRIEDRICH_VON_ALTEN_U_HENNING_VON_ALTEN_GUTSVERWALTUNG_VON_ALTEN.html|None
98634|||Hubert Dörr GbR|Oepfershausen|221391|738|None||No Address|||No Business Description|No Business Name|http://www.firmenwissen.de/az/firmeneintrag/98634/3210085651/HUBERT_DOERR_GERLINDE_DOERR_LANDWIRTSCHAFT_DOERR_GBR.html|hubert@doerr-agrar.de
99638|||F.O.B. Kindelbrücker Feld- und Obstbau GmbH|Kindelbrück Stadt|221382|738|None||No Address|||No Business Description|No Business Name|http://www.firmenwissen.de/az/firmeneintrag/99638/3450061073/F_O_B_KINDELBRUECKER_FELD_UND_OBSTBAU_GMBH.html|nennewitz@kindelbruecker-obstbau.de
99826|||Landwirtschaftliches Unternehmen Mihla Geschäftsführungs GmbH & Co.Hainich-Fleisch und Vieh KG Bischofroda|Bischofroda|221242|737|None||No Address|||No Business Description|No Business Name|http://www.firmenwissen.de/az/firmeneintrag/99826/3230054921/LANDW_UNTERN_MIHLA_GESCHAEFTSF_GMBH_CO_HAINICH_FLEISCH_U_VIEH_KG.html|None
18574|||Marktfrucht u. Futterbau Zudar GmbH & Co.KG|Garz/Rügen Stadt|221180|737|None||No Address|||No Business Description|No Business Name|http://www.firmenwissen.de/az/firmeneintrag/18574/3190286092/MARKTFRUCHT_UND_FUTTERBAU_ZUDAR_GMBH_CO_KG.html|None
87435|||Allgäuer Herdebuchgesellschaft Ldw|Kempten (Allgäu)|221075|737|None||No Address|||No Business Description|No Business Name|https://duckduckgo.com/?q=Allg%C3%A4uer+Herdebuchgesellschaft+Ldw+site%3Ahttp%3A%2F%2Fwww.firmenwissen.de%2F|None
15907|||Riland GmbH|Lübben (Spreewald) Stadt|220999|737|None||No Address|||No Business Description|No Business Name|http://www.firmenwissen.de/az/firmeneintrag/15907/3050061856/RILAND_LAND_UND_FORSTWIRTSCHAFTLICHE_DIENSTLEISTUNGS_GMBH.html|None
14547|||Spargelhof Klaistow Produktions GmbH & CO.KG|Beelitz Stadt|220825|736|None||No Address|||No Business Description|No Business Name|http://www.firmenwissen.de/az/firmeneintrag/14547/2011509423/SPARGELHOF_KLAISTOW_PRODUKTIONS_GMBH_CO_KG.html|info@buschmann-winkelmann.de
15324|||Agrarges. Zelliner Loose mbH|Letschin|220670|736|None||No Address|||No Business Description|No Business Name|https://duckduckgo.com/?q=Agrarges.+Zelliner+Loose+mbH+site%3Ahttp%3A%2F%2Fwww.firmenwissen.de%2F|None
16866|||GbR Thiele|Kyritz Stadt|219975|733|None||No Address|||No Business Description|No Business Name|http://www.firmenwissen.de/az/firmeneintrag/54439/5350233305/GEBR_THIELEN_GBR.html|None
6333|||Agraranbau Brennecke u. Reuter GbR|Arnstein Stadt|219872|733|None||No Address|||No Business Description|No Business Name|https://duckduckgo.com/?q=Agraranbau+Brennecke+u.+Reuter+GbR+site%3Ahttp%3A%2F%2Fwww.firmenwissen.de%2F|None
31595|||Silke & Christian Dohrmann GbR|Steyerberg Flecken|219408|731|None||No Address|||No Business Description|No Business Name|http://www.firmenwissen.de/az/3/1/6/3/3_1.html|None
15326|||ETL mbH Alt Zeschdorf|Zeschdorf|218835|729|None||No Address|||No Business Description|No Business Name|http://www.firmenwissen.de/az/firmeneintrag/15326/3250056428/ETL_EXTENSIVE_TIERHALTUNG_UND_LANDSCHAFTSPFLEGEGESELLSCHAFT_MBH.html|None
47906|||Monforts von Hobe Johannes Caspar|Kempen Stadt|218479|728|None||No Address|||No Business Description|No Business Name|http://www.firmenwissen.de/az/firmeneintrag/47906/5230339585/JOHANNES_MONFORTS_VON_HOBE_GUTSVERWALTUNG.html|None
39343|||Brandes/Göttert GbR|Erxleben|218211|727|None||No Address|||No Business Description|No Business Name|http://www.firmenwissen.de/az/firmeneintrag/39343/3170158515/ELISABETH_BRANDES_CHRISTOPH_GOETTERT_GBR.html|christophgoetter@gmx.de
7957|||Agrar-Milch GbR Wittchendorf|Langenwetzendorf|218091|727|None||No Address|||No Business Description|No Business Name|http://www.firmenwissen.de/az/firmeneintrag/07957/3110062815/MARTINUS_DIRK_ERIK_WENSINK_HENRIETTE_MELIA_MIRANDA_WENSINK_AGRAR_MILCH_GBR_WITTCHENDORF.html|agrar-milch-gbr@t-online.de
6679|||LW GmbH Hohenmölsen|Hohenmölsen Stadt|215831|719|None||No Address|||No Business Description|No Business Name|http://www.firmenwissen.de/az/la_200.html|None
6493|||Landw. Gen. Königerode e.G.|Harzgerode Stadt|215480|718|None||No Address|||No Business Description|No Business Name|https://duckduckgo.com/?q=Landw.+Gen.+K%C3%B6nigerode+e.G.+site%3Ahttp%3A%2F%2Fwww.firmenwissen.de%2F|None
29565|||Freier-Rabbethge GbR|Wriedel|215407|718|None||No Address|||No Business Description|No Business Name|http://www.firmenwissen.de/az/firmeneintrag/37574/2110007081/CARL_RABBETHGE_U_COMP_INH_CARL_OTTO_RABBETHGE_EK.html|None
17498|||Dersekower Land GbR|Dersekow|215132|717|None||No Address|||No Business Description|No Business Name|http://www.firmenwissen.de/az/1/7/4/9/8_1.html|None
39171|||MKH Agrar GmbH|Sülzetal|215110|717|None||No Address|||No Business Description|No Business Name|http://www.firmenwissen.de/az/firmeneintrag/07407/3430026310/MKH_AGRAR_GMBH.html|None
19399|||Betriebsgemeinschaft Frahm / Westphal GbR|Techentin|214546|715|None||No Address|||No Business Description|No Business Name|https://duckduckgo.com/?q=Betriebsgemeinschaft+Frahm+%2F+Westphal+GbR+site%3Ahttp%3A%2F%2Fwww.firmenwissen.de%2F|None
6571|||Betriebsgemeinschaft BottendorfBrockmann und Grimme GbR|Roßleben Stadt|214394|715|None||No Address|||No Business Description|No Business Name|https://duckduckgo.com/?q=Betriebsgemeinschaft+BottendorfBrockmann+und+Grimme+GbR+site%3Ahttp%3A%2F%2Fwww.firmenwissen.de%2F|None
9322|||GRUMA Agrar GmbH Gut Tauscha|Penig Stadt|213568|712|None||No Address|||No Business Description|No Business Name|http://www.firmenwissen.de/az/firmeneintrag/24357/2230210400/BALTIC_AGRAR_GMBH_CO_KG.html|None
17291|||Volckens Klaus   - Gutsverw. Baumgarten|Schenkenberg|213534|712|None||No Address|||No Business Description|No Business Name|https://duckduckgo.com/?q=Volckens+Klaus+++-+Gutsverw.+Baumgarten+site%3Ahttp%3A%2F%2Fwww.firmenwissen.de%2F|None
1665|||Saatzucht von Kameke Lommatzsch GbRMichael von Kameke|Käbschütztal|213440|711|None||No Address|||No Business Description|No Business Name|https://duckduckgo.com/?q=Saatzucht+von+Kameke+Lommatzsch+GbRMichael+von+Kameke+site%3Ahttp%3A%2F%2Fwww.firmenwissen.de%2F|None
2894|||Landfarm Melaune GbRBernd Windler oder Volker Hänsel|Vierkirchen|213437|711|None||No Address|||No Business Description|No Business Name|https://duckduckgo.com/?q=Landfarm+Melaune+GbRBernd+Windler+oder+Volker+H%C3%A4nsel+site%3Ahttp%3A%2F%2Fwww.firmenwissen.de%2F|None
39579|||APG Grassau eG|Bismark (Altmark) Stadt|212724|709|None||No Address|||No Business Description|No Business Name|http://www.firmenwissen.de/az/firmeneintrag/39579/3350048408/APG_BETRIEBSGESELLSCHAFT_E_G_CO_KG.html|None
9577|||Landgut Lichtenwalde Hutschenreuter KGMarc Hutschenreuter|Niederwiesa|212667|709|None||No Address|||No Business Description|No Business Name|https://duckduckgo.com/?q=Landgut+Lichtenwalde+Hutschenreuter+KGMarc+Hutschenreuter+site%3Ahttp%3A%2F%2Fwww.firmenwissen.de%2F|None
31226|||ABES Schwicheldt GbR|Peine Stadt|212663|709|None||No Address|||No Business Description|No Business Name|http://www.firmenwissen.de/az/firmeneintrag/13595/2011215381/PITCH_STALL_MEHRUM_GMBH_CO_SCHWICHELDT_KG.html|None
9328|||Lunzenauer Agrar GmbH & Co KG vertr. durch den|Lunzenau Stadt|211749|706|None||No Address|||No Business Description|No Business Name|http://www.firmenwissen.de/az/firmeneintrag/24357/2230210400/BALTIC_AGRAR_GMBH_CO_KG.html|None
4749|||Hofgut Beutig KGKarl-Heinz Sander|Ostrau|211530|705|None||No Address|||No Business Description|No Business Name|http://www.firmenwissen.de/az/firmeneintrag/04749/3150270634/FLORIAN_SANDER_LANDWIRTSCHAFTLICHES_LOHNUNTERNEHMEN.html|sander@hofgut-beutig.de
39517|||Elbland P.u.H. GmbH Bertingen|Angern|211520|705|None||No Address|||No Business Description|No Business Name|http://www.firmenwissen.de/az/firmeneintrag/39517/3350068845/FERIENDORF_BERTINGEN_GESCHAEFTSFUEHRUNGS_GMBH.html|info@hotel-laporte.de
1471|||Johne / Lorenz GbR vertreten d. Frank Johne o. Frank Lorenz|Radeburg Stadt|210914|703|None||No Address|||No Business Description|No Business Name|https://duckduckgo.com/?q=Johne+%2F+Lorenz+GbR+vertreten+d.+Frank+Johne+o.+Frank+Lorenz+site%3Ahttp%3A%2F%2Fwww.firmenwissen.de%2F|None
37318|||Gut Agrar Natura GmbH Steinheuterode|Steinheuterode|210889|703|None||No Address|||No Business Description|No Business Name|http://www.firmenwissen.de/az/firmeneintrag/37318/3230003835/GUT_AGRAR_NATURA_GMBH_STEINHEUTERODE.html|None
4687|||Kupfer GbR|Trebsen/Mulde Stadt|208107|694|None||No Address|||No Business Description|No Business Name|http://www.firmenwissen.de/az/firmeneintrag/26548/2250328876/ARMIN_KUPFER_BETTINA_KUPFER_GBR.html|armin.kupfer@freenet.de
18317|||Holger Peters GbR|Saal|208092|694|None||No Address|||No Business Description|No Business Name|http://www.firmenwissen.de/az/firmeneintrag/24996/2090256080/HOLGER_KARL_PETERS_OSTERHOLMER_BIOENERGIE_GBR.html|None
25792|||H & W Ackerbau GbR|Neuenkirchen|208050|694|None||No Address|||No Business Description|No Business Name|http://www.firmenwissen.de/az/firmeneintrag/25792/2390137366/GUSTAV_HERMANN_HAGGE_HANS_PETER_WITT_HW_ACKERBAU_GBR.html|None
18196|||von Hollen GbR|Dummerstorf|208037|693|None||No Address|||No Business Description|No Business Name|http://www.firmenwissen.de/az/firmeneintrag/18196/3190363561/THORSTEN_FREIHERR_VON_HOLLEN_UND_ALEXIS_FREIFRAU_VON_HOLLEN_GBR.html|None
15926|||Zucht-u. Mast GmbH|Heideblick|207707|692|None||No Address|||No Business Description|No Business Name|http://www.firmenwissen.de/az/firmeneintrag/14913/2010580550/ZUCHT_MAST_GMBH_SCHLENZER.html|info@schlenzer-agrar.de
3222|||Agrargem. Gr. Beuchow GmbH & Co.KG|Lübbenau/Spreewald Stadt|207672|692|None||No Address|||No Business Description|No Business Name|http://www.firmenwissen.de/az/firmeneintrag/74076/6190325493/IMMOTION_PICK_UP_HAUS_GMBH_CO_KG.html|info@pick-up-haus.com
16928|||PBK Mafru./ Milch GmbH Kemnitz|Pritzwalk Stadt|207613|692|None||No Address|||No Business Description|No Business Name|https://duckduckgo.com/?q=PBK+Mafru.%2F+Milch+GmbH+Kemnitz+site%3Ahttp%3A%2F%2Fwww.firmenwissen.de%2F|None
17139|||Farms Agrar GbR Remplin Christian & Heinrich Lübbecke|Malchin Stadt|207480|692|None||No Address|||No Business Description|No Business Name|https://duckduckgo.com/?q=Farms+Agrar+GbR+Remplin+Christian+%26+Heinrich+L%C3%BCbbecke+site%3Ahttp%3A%2F%2Fwww.firmenwissen.de%2F|None
1561|||Menzel / Obenaus GbR vertr.d. Petra o. Madlen Menzel o.Matthias Obenaus|Ebersbach|206893|690|None||No Address|||No Business Description|No Business Name|https://duckduckgo.com/?q=Menzel+%2F+Obenaus+GbR+vertr.d.+Petra+o.+Madlen+Menzel+o.Matthias+Obenaus+site%3Ahttp%3A%2F%2Fwww.firmenwissen.de%2F|None
29468|||COS AGRAR KG|Salzwedel Hansestadt|205889|686|None||No Address|||No Business Description|No Business Name|http://www.firmenwissen.de/az/firmeneintrag/29410/3350050142/COS_AGRAR_KG.html|cosagrar@t-online.de
17217|||Oertzen Landwirtschaft GbR|Penzlin Stadt|205275|684|None||No Address|||No Business Description|No Business Name|http://www.firmenwissen.de/az/firmeneintrag/21255/2151190996/CHRISTIANE_KUSEL_UND_GERD_KUSEL_GBR_LANDWIRTSCHAFT.html|None
33397|||Hansmeier GbR|Rietberg Stadt|205122|684|None||No Address|||No Business Description|No Business Name|http://www.firmenwissen.de/az/firmeneintrag/89155/8270209454/GABRIELE_UND_HELMUT_HANSMEIER_GBR_HOTEL_KOEGEL.html|hotel.koegel@t-online.de
99706|||Agrarunternehmen Immenrode GmbH|Sondershausen Stadt|204820|683|None||No Address|||No Business Description|No Business Name|http://www.firmenwissen.de/az/firmeneintrag/99706/3230023188/AGRARUNTERNEHMEN_IMMENRODE_GMBH.html|None
38855|||Betriebsgem.  Danstedt GbR|Nordharz|204791|683|None||No Address|||No Business Description|No Business Name|http://www.firmenwissen.de/az/firmeneintrag/38855/3370003514/FRITZ_SEGGER_JUERGEN_HERBST_HARALD_DIECK_ANDREAS_MANGE_BETRIEBSGEMEINSCHAFT_DANSTEDT_GBR.html|None
1561|||Krause & Schrön GbRU. Krause oder S. Schrön|Ebersbach|204617|682|None||No Address|||No Business Description|No Business Name|http://www.firmenwissen.de/az/firmeneintrag/01561/3070055664/ULRICH_KRAUSE_UND_SIEGFRIED_SCHROEN_KRAUSE_SCHROEN_GBR.html|None
29553|||Hans-Wilhelm & Sybille Giere GbR|Bienenbüttel|203875|680|None||No Address|||No Business Description|No Business Name|https://duckduckgo.com/?q=Hans-Wilhelm+%26+Sybille+Giere+GbR+site%3Ahttp%3A%2F%2Fwww.firmenwissen.de%2F|None
37170|||BG Reitliehausen GbR|Uslar Stadt|203870|680|None||No Address|||No Business Description|No Business Name|https://duckduckgo.com/?q=BG+Reitliehausen+GbR+site%3Ahttp%3A%2F%2Fwww.firmenwissen.de%2F|None
2829|||Rinderhof Am Kämpferberg GbRV. Hamann R. Busse und H. Fest|Königshain|203854|680|None||No Address|||No Business Description|No Business Name|https://duckduckgo.com/?q=Rinderhof+Am+K%C3%A4mpferberg+GbRV.+Hamann+R.+Busse+und+H.+Fest+site%3Ahttp%3A%2F%2Fwww.firmenwissen.de%2F|None
39435|||Milchhof Aderstedt-Tarthun GbR|Bördeaue|203333|678|None||No Address|||No Business Description|No Business Name|http://www.firmenwissen.de/az/firmeneintrag/39435/3170108973/AUKO_VAN_DER_VELDE_UND_KLAZINA_VAN_DER_VELDE_MILCHHOF_ADERSTEDT_TARTHUN_GBR.html|None
1665|||Agrar Produktions- und Handelsgesellschaft mbH Scharfenberg|Klipphausen|202905|676|None||No Address|||No Business Description|No Business Name|https://duckduckgo.com/?q=Agrar+Produktions-+und+Handelsgesellschaft+mbH+Scharfenberg+site%3Ahttp%3A%2F%2Fwww.firmenwissen.de%2F|None
38116|||GbR Wawretzko/Hirl|Redefin|202855|676|None||No Address|||No Business Description|No Business Name|https://duckduckgo.com/?q=GbR+Wawretzko%2FHirl+site%3Ahttp%3A%2F%2Fwww.firmenwissen.de%2F|None
6667|||GbR Ranscht|Weißenfels Stadt|202769|676|None||No Address|||No Business Description|No Business Name|http://www.firmenwissen.de/az/firmeneintrag/06667/3130025267/DIETMAR_RANSCHT_ULRICH_RANSCHT_MARKUS_RANSCHT.html|None
99625|||AGM Agrarbetrieb GmbH|Kölleda Stadt|202732|676|None||No Address|||No Business Description|No Business Name|https://duckduckgo.com/?q=AGM+Agrarbetrieb+GmbH+site%3Ahttp%3A%2F%2Fwww.firmenwissen.de%2F|None
21368|||Die LandWerker GbR|Dahlem|202515|675|None||No Address|||No Business Description|No Business Name|http://www.firmenwissen.de/az/firmeneintrag/65779/6070487051/MIROSLAV_DUMLIJAN_UND_MARIO_STRAKA_GBR.html|autogalerie-frankfurt@mobile.de
17291|||Warnitzer A+T. GmbH&CoKG|Oberuckersee|202487|675|None||No Address|||No Business Description|No Business Name|https://duckduckgo.com/?q=Warnitzer+A%2BT.+GmbH%26CoKG+site%3Ahttp%3A%2F%2Fwww.firmenwissen.de%2F|None
38315|||BG Kottke GbR|Schladen-Werla|202448|675|None||No Address|||No Business Description|No Business Name|https://duckduckgo.com/?q=BG+Kottke+GbR+site%3Ahttp%3A%2F%2Fwww.firmenwissen.de%2F|None
18317|||Milchhof Saal GbR|Saal|202365|675|None||No Address|||No Business Description|No Business Name|https://duckduckgo.com/?q=Milchhof+Saal+GbR+site%3Ahttp%3A%2F%2Fwww.firmenwissen.de%2F|None
39576|||Zucht-u.Nutzviehhalt.GmbH Staffelde|Stendal Hansestadt|201637|672|None||No Address|||No Business Description|No Business Name|https://duckduckgo.com/?q=Zucht-u.Nutzviehhalt.GmbH+Staffelde+site%3Ahttp%3A%2F%2Fwww.firmenwissen.de%2F|None
27624|||Andreas & Günter Müller GbR|Geestland Stadt|201627|672|None||No Address|||No Business Description|No Business Name|http://www.firmenwissen.de/az/8/8/2/9/9_6.html|None
6779|||Agrargesellschaft Schierau mbH|Raguhn-Jeßnitz Stadt|201620|672|None||No Address|||No Business Description|No Business Name|https://duckduckgo.com/?q=Agrargesellschaft+Schierau+mbH+site%3Ahttp%3A%2F%2Fwww.firmenwissen.de%2F|None
17291|||LWB GbR Affeldt /Peters|Prenzlau Stadt|201010|670|None||No Address|||No Business Description|No Business Name|https://duckduckgo.com/?q=LWB+GbR+Affeldt+%2FPeters+site%3Ahttp%3A%2F%2Fwww.firmenwissen.de%2F|None
14641|||GbR Koning|Nauen Stadt|200370|668|None||No Address|||No Business Description|No Business Name|https://duckduckgo.com/?q=GbR+Koning+site%3Ahttp%3A%2F%2Fwww.firmenwissen.de%2F|None
17139|||Milchgut Duckow GmbH & Co.KG|Gielow|200166|667|None||No Address|||No Business Description|No Business Name|http://www.firmenwissen.de/cms/upload/pdf/TOP-10_31000_Herstellung_von_Moebeln.pdf|None
4319|||Marktfruchtbetrieb Winter GmbH & Co. KG Jörg Winter|Leipzig Stadt|200091|667|None||No Address|||No Business Description|No Business Name|http://www.firmenwissen.de/cms/upload/pdf/TOP-10_31000_Herstellung_von_Moebeln.pdf|None
23923|||GbR Rabensdorfer Hof|Roduchelstorf|200077|667|None||No Address|||No Business Description|No Business Name|http://www.firmenwissen.de/az/firmeneintrag/95030/8110189689/UDO_BAER_ATTILA_LANDGRAFE_EMC2_GBR.html|None
37139|||BG Adelebsen GbR|Adelebsen Flecken|199838|666|None||No Address|||No Business Description|No Business Name|https://duckduckgo.com/?q=BG+Adelebsen+GbR+site%3Ahttp%3A%2F%2Fwww.firmenwissen.de%2F|None
4932|||Feldbau - GbR|Röderland|199672|666|None||No Address|||No Business Description|No Business Name|https://duckduckgo.com/?q=Feldbau+-+GbR+site%3Ahttp%3A%2F%2Fwww.firmenwissen.de%2F|None
17321|||Ökologische Landwirte-Acker und Grünlandbew. GmbH Plöwen|Plöwen|199367|665|None||No Address|||No Business Description|No Business Name|https://duckduckgo.com/?q=%C3%96kologische+Landwirte-Acker+und+Gr%C3%BCnlandbew.+GmbH+Pl%C3%B6wen+site%3Ahttp%3A%2F%2Fwww.firmenwissen.de%2F|None
6246|||Gut Werder GbR|Bad Lauchstädt Goethestadt|199351|665|None||No Address|||No Business Description|No Business Name|http://www.firmenwissen.de/az/firmeneintrag/65779/6070487051/MIROSLAV_DUMLIJAN_UND_MARIO_STRAKA_GBR.html|autogalerie-frankfurt@mobile.de
17291|||GbR Schön Michael  Schön u. Berhard Labs|Schönfeld|199062|664|None||No Address|||No Business Description|No Business Name|https://duckduckgo.com/?q=GbR+Sch%C3%B6n+Michael++Sch%C3%B6n+u.+Berhard+Labs+site%3Ahttp%3A%2F%2Fwww.firmenwissen.de%2F|None
32278|||Werreland GbR|Kirchlengern|198861|663|None||No Address|||No Business Description|No Business Name|https://duckduckgo.com/?q=Werreland+GbR+site%3Ahttp%3A%2F%2Fwww.firmenwissen.de%2F|None
17329|||GbR Ladenthin|Grambow|197921|660|None||No Address|||No Business Description|No Business Name|https://duckduckgo.com/?q=GbR+Ladenthin+site%3Ahttp%3A%2F%2Fwww.firmenwissen.de%2F|None
6493|||Scheffler GbR|Harzgerode Stadt|197784|659|None||No Address|||No Business Description|No Business Name|http://www.firmenwissen.de/az/firmeneintrag/98701/3210082298/STEFFEN_SCHEFFLER_BRIGITTE_SCHEFFLER_SCHUETTGUTTRANSPORTE_SCHEFFLER_GBR.html|None
6385|||Kührener Agrar GbR|Aken (Elbe) Stadt|197655|659|None||No Address|||No Business Description|No Business Name|http://www.firmenwissen.de/az/firmeneintrag/24357/2230210400/BALTIC_AGRAR_GMBH_CO_KG.html|None
18513|||Gut Quitzin GbR - Rübcke - von Veltheim|Splietsdorf|197437|658|None||No Address|||No Business Description|No Business Name|https://duckduckgo.com/?q=Gut+Quitzin+GbR+-+R%C3%BCbcke+-+von+Veltheim+site%3Ahttp%3A%2F%2Fwww.firmenwissen.de%2F|None
17309|||Pasewalker Marktfrüchte GmbH|Pasewalk Stadt|197432|658|None||No Address|||No Business Description|No Business Name|https://duckduckgo.com/?q=Pasewalker+Marktfr%C3%BCchte+GmbH+site%3Ahttp%3A%2F%2Fwww.firmenwissen.de%2F|None
18513|||Agrargenossenschaft Jessin eG|Grimmen Stadt|196972|657|None||No Address|||No Business Description|No Business Name|https://duckduckgo.com/?q=Agrargenossenschaft+Jessin+eG+site%3Ahttp%3A%2F%2Fwww.firmenwissen.de%2F|None
39590|||GbR Elbufer-AgrarHohengöhren|Schönhausen (Elbe)|196711|656|None||No Address|||No Business Description|No Business Name|https://duckduckgo.com/?q=GbR+Elbufer-AgrarHoheng%C3%B6hren+site%3Ahttp%3A%2F%2Fwww.firmenwissen.de%2F|None
82467|||Forst&Weiderechtler Garmisch eG|Garmisch-Partenkirchen M|196411|655|None||No Address|||No Business Description|No Business Name|https://duckduckgo.com/?q=Forst%26Weiderechtler+Garmisch+eG+site%3Ahttp%3A%2F%2Fwww.firmenwissen.de%2F|None
7646|||MZN-GmbH Qualitätsrind|Ottendorf|195939|653|None||No Address|||No Business Description|No Business Name|https://duckduckgo.com/?q=MZN-GmbH+Qualit%C3%A4tsrind+site%3Ahttp%3A%2F%2Fwww.firmenwissen.de%2F|None
39435|||Ackerbau Radisleben GbR|Bördeaue|195899|653|None||No Address|||No Business Description|No Business Name|https://duckduckgo.com/?q=Ackerbau+Radisleben+GbR+site%3Ahttp%3A%2F%2Fwww.firmenwissen.de%2F|None
39638|||AHPG e.G. Dorst-Zobbenitz|Calvörde|195319|651|None||No Address|||No Business Description|No Business Name|https://duckduckgo.com/?q=AHPG+e.G.+Dorst-Zobbenitz+site%3Ahttp%3A%2F%2Fwww.firmenwissen.de%2F|None
14715|||Lw.Mützlitz Betriebs GmbH|Nennhausen|194762|649|None||No Address|||No Business Description|No Business Name|http://www.firmenwissen.de/az/firmeneintrag/86156/8030208835/GEHL_VERWALTUNGS_UND_BETEILIGUNGS_GMBH.html|None
39387|||Gut Böhnshausen GbR|Halberstadt Stadt|194714|649|None||No Address|||No Business Description|No Business Name|http://www.firmenwissen.de/az/firmeneintrag/65779/6070487051/MIROSLAV_DUMLIJAN_UND_MARIO_STRAKA_GBR.html|autogalerie-frankfurt@mobile.de
39264|||Droste Gut Nutha GbR|Zerbst/Anhalt Stadt|194714|649|None||No Address|||No Business Description|No Business Name|http://www.firmenwissen.de/az/firmeneintrag/70435/7331036279/MEHMET_A_AKPINAR_UND_SELIM_TURAN_TAXIUNTERNEHMEN_GBR.html|None
1561|||Blum Agrar GbRPeter Blum od. Rita Blum|Ebersbach|194702|649|None||No Address|||No Business Description|No Business Name|https://duckduckgo.com/?q=Blum+Agrar+GbRPeter+Blum+od.+Rita+Blum+site%3Ahttp%3A%2F%2Fwww.firmenwissen.de%2F|None
14913|||Werbiger Agrar GmbH|Niederer Fläming|194594|649|None||No Address|||No Business Description|No Business Name|http://www.firmenwissen.de/az/firmeneintrag/24357/2230210400/BALTIC_AGRAR_GMBH_CO_KG.html|None
18279|||Dr.Gey & Söhne GbR|Lalendorf|194416|648|None||No Address|||No Business Description|No Business Name|http://www.firmenwissen.de/az/8/8/2/9/9_6.html|None
6780|||Gut PP GmbH Greppin|Zörbig Stadt|194388|648|None||No Address|||No Business Description|No Business Name|http://www.firmenwissen.de/az/firmeneintrag/38440/2070195312/BEKAST_IT_CONSULTING_GMBH.html|info@tec-werk.de
1920|||Klostergut Zisterzienserinnen-Abtei St.Marienstern|Panschwitz-Kuckau|193979|647|None||No Address|||No Business Description|No Business Name|https://duckduckgo.com/?q=Klostergut+Zisterzienserinnen-Abtei+St.Marienstern+site%3Ahttp%3A%2F%2Fwww.firmenwissen.de%2F|None
18337|||Jahnkendorfer Grünlandges. mbH|Marlow Stadt|193652|646|None||No Address|||No Business Description|No Business Name|https://duckduckgo.com/?q=Jahnkendorfer+Gr%C3%BCnlandges.+mbH+site%3Ahttp%3A%2F%2Fwww.firmenwissen.de%2F|None
17091|||Post / Engfer GbR|Penzlin Stadt|193500|645|None||No Address|||No Business Description|No Business Name|https://duckduckgo.com/?q=Post+%2F+Engfer+GbR+site%3Ahttp%3A%2F%2Fwww.firmenwissen.de%2F|None
47652|||von Loe Schloss Wissen Gutsbetrieb Raphael|Weeze|193322|644|None||No Address|||No Business Description|No Business Name|http://www.firmenwissen.de/az/firmeneintrag/47652/5130010367/RAPHA_L_FREIHERR_VON_LO_SCHLOSS_WISSEN.html|info@schloss-wissen.de
3249|||Lapro Ossak GmbH|Sonnewalde Stadt|192905|643|None||No Address|||No Business Description|No Business Name|https://duckduckgo.com/?q=Lapro+Ossak+GmbH+site%3Ahttp%3A%2F%2Fwww.firmenwissen.de%2F|None
19294|||Gen.für landw.Prod.Eldena e.G.|Eldena|192874|643|None||No Address|||No Business Description|No Business Name|https://duckduckgo.com/?q=Gen.f%C3%BCr+landw.Prod.Eldena+e.G.+site%3Ahttp%3A%2F%2Fwww.firmenwissen.de%2F|None
99092|||Agrargesellschaft Menthe bürgerlichen Rechts|Erfurt Stadt|192814|643|None||No Address|||No Business Description|No Business Name|https://duckduckgo.com/?q=Agrargesellschaft+Menthe+b%C3%BCrgerlichen+Rechts+site%3Ahttp%3A%2F%2Fwww.firmenwissen.de%2F|None
15374|||LEG eG Hermersdorf|Müncheberg Stadt|192729|642|None||No Address|||No Business Description|No Business Name|https://duckduckgo.com/?q=LEG+eG+Hermersdorf+site%3Ahttp%3A%2F%2Fwww.firmenwissen.de%2F|None
37574|||Deppe GbR|Einbeck Stadt|192602|642|None||No Address|||No Business Description|No Business Name|http://www.firmenwissen.de/az/firmeneintrag/37431/2110167782/BESITZGESELLSCHAFT_DEPPE_GBR_FRIEDRICH_DEPPE_UND_SVEN_DEPPE.html|None
39291|||Bathge GbR Gerd Maria Karsten u. Britta|Möckern Stadt|191958|640|None||No Address|||No Business Description|No Business Name|http://www.firmenwissen.de/az/3/9/2/9/1_5.html|None
6406|||BG Paschleben GbR|Osternienburger Land|191942|640|None||No Address|||No Business Description|No Business Name|https://duckduckgo.com/?q=BG+Paschleben+GbR+site%3Ahttp%3A%2F%2Fwww.firmenwissen.de%2F|None
39638|||Meine - Koch GbR|Gardelegen Hansestadt|191927|640|None||No Address|||No Business Description|No Business Name|http://www.firmenwissen.de/az/firmeneintrag/61239/6290274544/MIRKO_UMBEER.html|None
6388|||Rodlebener Agrar GmbH|Köthen (Anhalt) Stadt|191905|640|None||No Address|||No Business Description|No Business Name|http://www.firmenwissen.de/az/firmeneintrag/24357/2230210400/BALTIC_AGRAR_GMBH_CO_KG.html|None
17089|||Landwirtschaftlicher Familienbetrieb Radloff GbR|Siedenbollentin|191159|637|None||No Address|||No Business Description|No Business Name|https://duckduckgo.com/?q=Landwirtschaftlicher+Familienbetrieb+Radloff+GbR+site%3Ahttp%3A%2F%2Fwww.firmenwissen.de%2F|None
24161|||Knoop Friedrichshof GbR|Altenholz|191078|637|None||No Address|||No Business Description|No Business Name|http://www.firmenwissen.de/az/firmeneintrag/63584/6130157358/FRIEDHELM_SCHNEIDER_UND_MANUEL_SCHNEIDER_GBR_FRIEDRICHSHOF.html|manuelschneider15@gmx.de
6901|||LWPG e. G. Thomas Müntzer|Kemberg Stadt|183781|613|None||No Address|||No Business Description|No Business Name|https://duckduckgo.com/?q=LWPG+e.+G.+Thomas+M%C3%BCntzer+site%3Ahttp%3A%2F%2Fwww.firmenwissen.de%2F|None
8485|||Waldkirchner Landwirtschaftsverwaltung GmbH - Milchproduktion & Co. KG vertr.d.|Lengenfeld Stadt|183737|612|None||No Address|||No Business Description|No Business Name|http://www.firmenwissen.de/az/firmeneintrag/08485/8110037617/WALDKIRCHNER_LANDWIRTSCHAFTSVERWALTUNG_GMBH_MILCHPRODUKTION_CO_KG.html|None
37181|||Leineaue GbR|Hardegsen Stadt|183509|612|None||No Address|||No Business Description|No Business Name|http://www.firmenwissen.de/az/firmeneintrag/40221/2190123215/ALLOHEIM_SENIOREN_RESIDENZ_SOPHIENRESIDENZ_GMBH.html|None
39397|||Wiersdorff GbR|Gröningen Stadt|183336|611|None||No Address|||No Business Description|No Business Name|http://www.firmenwissen.de/az/firmeneintrag/39397/3170059940/HENNING_SUSANNE_WIERSDORFF_GBR_LANDWIRTSCHAFTLICHES_MARKTFRUCHTUNTERNEHMEN.html|h.wiersdorff@online.de
19243|||riha Wesergold Getränke GmbH & Co.KG|Pritzier|183166|611|None||No Address|||No Business Description|No Business Name|http://www.firmenwissen.de/az/firmeneintrag/31737/2170016262/RIHA_WESERGOLD_GETRAENKE_GMBH_CO_KG.html|riha@riha-wesergold.de
7589|||Milchviehbetrieb Wensink GbR|Saara|183094|610|None||No Address|||No Business Description|No Business Name|http://www.firmenwissen.de/az/firmeneintrag/07589/3110179382/MARTINUS_DIRK_WENSINK_KLAAS_WENSINK_MARIA_CHRISTINA_WENSINK_RIJKEN_MILCHVIEHBETRIEB_WENSINK_GBR.html|wensinkerik@gmail.com
18276|||Kretschmar GbR|Gülzow-Prüzen|183072|610|None||No Address|||No Business Description|No Business Name|http://www.firmenwissen.de/az/firmeneintrag/01445/3070495931/KERSTIN_KRETSCHMAR_UND_RAINER_KRETSCHMAR_KRETSCHMAR_GBR.html|post@kretschmar.de
29356|||B. K. Agrar GbR|Bröckel|182755|609|None||No Address|||No Business Description|No Business Name|http://www.firmenwissen.de/az/firmeneintrag/06317/3130352578/RAINER_VOR_DER_STRASSE_PETRA_KLEIN_GBR_VK_AGRAR_GBR.html|None
19065|||Betriebsgemeinschaft Hof Leezen GbR|Leezen|182597|609|None||No Address|||No Business Description|No Business Name|http://www.firmenwissen.de/az/firmeneintrag/19067/3330164248/GOESTA_ROLAND_JOACHIM_SCHAPER_GUT_KLEEFELD.html|gut-kleefeld@freenet.de
9306|||AGRO Fleischrind GmbH|Zettlitz|182537|608|None||No Address|||No Business Description|No Business Name|http://www.firmenwissen.de/az/firmeneintrag/09306/3030061866/AGRO_FLEISCHRIND_GMBH.html|info@methauer-agro-ag.de
38486|||PG -Altmark- eG Neuferchau|Klötze Stadt|182413|608|None||No Address|||No Business Description|No Business Name|http://www.firmenwissen.de/az/pr_259.html|None
23968|||BG Wotenitz GbR|Grevesmühlen Stadt|182230|607|None||No Address|||No Business Description|No Business Name|http://www.firmenwissen.de/az/2/3/9/3/6_2.html|None
31848|||Deister-Sünteltal GbR|Bad Münder am Deister Stadt|181564|605|None||No Address|||No Business Description|No Business Name|http://www.firmenwissen.de/az/3/1/8/4/8_2.html|None
17291|||Sohn Winkler Burmeister GbR|Nordwestuckermark|181473|605|None||No Address|||No Business Description|No Business Name|http://www.firmenwissen.de/az/firmeneintrag/17291/3490013558/BERNDT_SOHN_FRANK_BURMEISTER_UND_DIETMAR_WINKLER.html|None
4509|||Landwirtschaftsbetrieb v. d. Bussche GbR Krostitz vert.d. Philip Freih.u. Anton Freih. v.d. Bussche|Krostitz|181344|604|None||No Address|||No Business Description|No Business Name|https://duckduckgo.com/?q=Landwirtschaftsbetrieb+v.+d.+Bussche+GbR+Krostitz+vert.d.+Philip+Freih.u.+Anton+Freih.+v.d.+Bussche+site%3Ahttp%3A%2F%2Fwww.firmenwissen.de%2F|None
31863|||Ith-Agrar GbR|Coppenbrügge Flecken|181320|604|None||No Address|||No Business Description|No Business Name|http://www.firmenwissen.de/az/firmeneintrag/31863/2170076362/ITH_AGRAR_GBR.html|None
15374|||Müncheberger Agrar GbR|Müncheberg Stadt|181109|604|None||No Address|||No Business Description|No Business Name|http://www.firmenwissen.de/az/firmeneintrag/15374/3250091721/JOERG_DARGE_THORSTEN_SCHRANK_AGRAR_GBR_MUENCHEBERG.html|None
14778|||GMF Golzow GmbH|Golzow|181036|603|None||No Address|||No Business Description|No Business Name|https://duckduckgo.com/?q=GMF+Golzow+GmbH+site%3Ahttp%3A%2F%2Fwww.firmenwissen.de%2F|None
17209|||Sievers/ Ramm GbR|Leizen|181008|603|None||No Address|||No Business Description|No Business Name|http://www.firmenwissen.de/az/firmeneintrag/17209/3490180075/JUERGEN_SIEVERS_BIRKA_SIEVERS_UND_ANGELA_RAMM_SIEVERS.html|None
48147|||Landwirtschaftskammer NRW|Münster Stadt|180908|603|None||No Address|||No Business Description|No Business Name|http://www.firmenwissen.de/az/firmeneintrag/48147/4250574042/APIS_E_V_VEREIN_ZUR_FOERDERUNG_DER_BIENENKUNDE_DER_LANDWIRTSCHAFTSKAMMER_NORDRHEIN_WESTFALEN.html|info@apis-ev.de
33818|||LBG-GbR West-Lippe|Leopoldshöhe|180796|603|None||No Address|||No Business Description|No Business Name|https://duckduckgo.com/?q=LBG-GbR+West-Lippe+site%3Ahttp%3A%2F%2Fwww.firmenwissen.de%2F|None
16515|||Agro GmbH Germendorf|Oranienburg Stadt|180640|602|None||No Address|||No Business Description|No Business Name|http://www.firmenwissen.de/az/firmeneintrag/16515/2011872890/AGRO_GMBH_GERMENDORF.html|info@ktg-agrar.de
14715|||AG Märka - Land e.G.|Nennhausen|180584|602|None||No Address|||No Business Description|No Business Name|http://www.firmenwissen.de/az/ag_89.html|None
4509|||Lw Betriebgesellschaft Krostitz GbR vertr.d. Herrn Holzweißig u. Freiherr v.d. Bussche|Krostitz|180474|602|None||No Address|||No Business Description|No Business Name|https://duckduckgo.com/?q=Lw+Betriebgesellschaft+Krostitz+GbR+vertr.d.+Herrn+Holzwei%C3%9Fig+u.+Freiherr+v.d.+Bussche+site%3Ahttp%3A%2F%2Fwww.firmenwissen.de%2F|None
23714|||Betriebsgemeinschaft Grünhaus GbR|Kirchnüchel|180438|601|None||No Address|||No Business Description|No Business Name|http://www.firmenwissen.de/az/firmeneintrag/28203/2050609510/STEFANIE_STUKE_JOCHEN_HOHMANN.html|info@gruenhaus.de
17349|||GbR Thamm Karsten Thamm und Jens-Uwe Thamm|Woldegk Stadt|180358|601|None||No Address|||No Business Description|No Business Name|http://www.firmenwissen.de/az/firmeneintrag/17349/3490012658/KARSTEN_THAMM_UND_JENS_UWE_THAMM.html|None
17291|||Heyden / Müller GbR|Uckerfelde|180004|600|None||No Address|||No Business Description|No Business Name|http://www.firmenwissen.de/az/firmeneintrag/17291/3490030897/AXEL_VON_HEYDEN_UND_RUEDIGER_MUELLER.html|None
99634|||Gut Straußfurt GbR A.&  I. Ehrhardt|Straußfurt|179957|600|None||No Address|||No Business Description|No Business Name|http://www.firmenwissen.de/az/ir_38.html|None
39619|||Altmark GbR Kerkau|Arendsee (Altmark) Stadt|179564|599|None||No Address|||No Business Description|No Business Name|http://www.firmenwissen.de/az/firmeneintrag/39619/3350093534/ALTMARK_GBR_KERKAU_NORBERT_DANICKE_MARIO_KRAUS_UND_IRMTRAUD_PAWLAS_GBR.html|altmarkgbrkerkau@t-online.de
17111|||Sanzkower Agrarproduktion GmbH & Co.KG|Siedenbrünzow|178567|595|None||No Address|||No Business Description|No Business Name|http://www.firmenwissen.de/az/firmeneintrag/17111/3490006219/SANZKOWER_AGRARPRODUKTION_GMBH_CO_KG.html|None
85235|||AG mbH Ristedt-Darnebeck|Pfaffenhofen a.d.Glonn|178476|595|None||No Address|||No Business Description|No Business Name|http://www.firmenwissen.de/az/ag_93.html|None
19230|||Gut Pritzier Milchproduktion GmbH|Pritzier|178373|595|None||No Address|||No Business Description|No Business Name|http://www.firmenwissen.de/az/firmeneintrag/19230/3330072827/GUT_PRITZIER_MILCHPRODUKTION_GMBH.html|None
6542|||LPV-GmbH Holdenstedt|Allstedt Stadt|177974|593|None||No Address|||No Business Description|No Business Name|http://www.firmenwissen.de/az/firmeneintrag/56567/4250352620/LPV_GMBH.html|kontakt@lebensmittelpraxis.de
19374|||GbR Lorenz|Mestlin|177856|593|None||No Address|||No Business Description|No Business Name|http://www.firmenwissen.de/az/firmeneintrag/14476/2012078085/LORENZ_LINNHOFF_UND_WINHOLD_LINNHOFF_SOLAR_GBR.html|info@ljuonline.de
18211|||Mühlenhof Agrar GmbH & Co. KG Georg Mayr|Börgerende-Rethwisch|177589|592|None||No Address|||No Business Description|No Business Name|http://www.firmenwissen.de/az/firmeneintrag/24357/2230210400/BALTIC_AGRAR_GMBH_CO_KG.html|None
3222|||Magoltz & Vonau - GbR|Lübbenau/Spreewald Stadt|176761|589|None||No Address|||No Business Description|No Business Name|http://www.firmenwissen.de/az/firmeneintrag/14547/2011653472/MARIO_VONAU_ANJA_RIELAT_UND_MARIO_BEITZ_IMMOBILIEN.html|None
15518|||Otto Engel und Söhne GbR|Steinhöfel|176531|588|None||No Address|||No Business Description|No Business Name|http://www.firmenwissen.de/az/firmeneintrag/15518/3250042896/HEIKO_ENGEL_CHRISTIAN_ENGEL_LANDWIRTSCHAFT.html|None
38486|||Milchhof GmbH & Co KG Altensalzwedel|Apenburg-Winterfeld Flecken|176218|587|None||No Address|||No Business Description|No Business Name|http://www.firmenwissen.de/az/firmeneintrag/38486/3350072479/MILCHHOF_GMBH_CO_KG_ALTENSALZWEDEL.html|milchhofkg@web.de
39343|||Börde GbR|Hohe Börde|176203|587|None||No Address|||No Business Description|No Business Name|http://www.firmenwissen.de/az/firmeneintrag/39167/3170253083/ANKE_DUBBE_CARLO_MARTINI_HAUSKRANKENPFLEGE_BOERDE_GBR.html|anke-carlo@web.de
18314|||Beckmann Söhne GbR|Bartelshagen II bei Barth|175908|586|None||No Address|||No Business Description|No Business Name|http://www.firmenwissen.de/az/firmeneintrag/18314/3190170986/RAIMAR_BECKMANN_UND_RALF_BECKMANN.html|None
19288|||GbR Timmermans|Lüblow|175531|585|None||No Address|||No Business Description|No Business Name|http://www.firmenwissen.de/az/firmeneintrag/37139/2110077155/ERNST_AUGUST_ELISABETH_HENNING_TIMMERMANN_TIMMERMANN_GBR.html|None
14550|||Havelland Agrar GmbH|Groß Kreutz (Havel)|175502|585|None||No Address|||No Business Description|No Business Name|http://www.firmenwissen.de/az/firmeneintrag/14550/3270004438/HAVELLAND_AGRAR_GMBH_SCHENKENBERG.html|havelland-agrar@t-online.de
16259|||Agrogen. Schiffmühle eG|Bad Freienwalde (Oder) Stadt|175386|585|None||No Address|||No Business Description|No Business Name|https://duckduckgo.com/?q=Agrogen.+Schiffm%C3%BChle+eG+site%3Ahttp%3A%2F%2Fwww.firmenwissen.de%2F|None
31319|||LBG Lehrke KG|Sehnde Stadt|175326|584|None||No Address|||No Business Description|No Business Name|http://www.firmenwissen.de/az/firmeneintrag/30982/2190351379/LBG_LANDWIRTSCHAFTLICHE_BETRIEBSGMEINSCHAFT_CALENBERG_KG.html|None
39307|||Riedmeier GbR|Genthin Stadt|174977|583|None||No Address|||No Business Description|No Business Name|http://www.firmenwissen.de/az/firmeneintrag/06188/3130052417/JOSEF_RIEDMEIER_HENNING_VON_TRESCHKOW_GBR_LANDWIRTSCHAFT.html|None
25364|||Schönberg GbR|Osterhorn|174433|581|None||No Address|||No Business Description|No Business Name|http://www.firmenwissen.de/az/firmeneintrag/04808/3150449022/SCHOENBERG_GBR_LANDWIRTSCHAFTSBETRIEB.html|None
6388|||Domäne Görzig Sitz:  Hof Pfaffendorf|Südliches Anhalt Stadt|174406|581|None||No Address|||No Business Description|No Business Name|https://duckduckgo.com/?q=Dom%C3%A4ne+G%C3%B6rzig+Sitz%3A++Hof+Pfaffendorf+site%3Ahttp%3A%2F%2Fwww.firmenwissen.de%2F|None
14641|||Luch Agrar GmbH Tietzow|Nauen Stadt|174329|581|None||No Address|||No Business Description|No Business Name|http://www.firmenwissen.de/az/firmeneintrag/14641/3270009846/LUCH_AGRAR_GMBH_TIETZOW.html|Luch-Agrar@t-online.de
7980|||SSB Agrarprodukte Clodra GmbH|Berga/Elster Stadt|174251|581|None||No Address|||No Business Description|No Business Name|http://www.firmenwissen.de/az/firmeneintrag/07980/3110045421/SSB_AGRARPRODUKTE_CLODRA_GMBH.html|info@ervema.com
99880|||Landwirtschaftliches  Zentrum Ferkelaufzucht GmbH|Hörsel|173893|580|None||No Address|||No Business Description|No Business Name|http://www.firmenwissen.de/az/firmeneintrag/99880/3230099314/LANDWIRTSCHAFTLICHES_ZENTRUM_FERKELAUFZUCHT_GMBH.html|info@lzmechterstaedt.de
39539|||Nijman & Stoker GbR|Havelberg Hansestadt|173682|579|None||No Address|||No Business Description|No Business Name|http://www.firmenwissen.de/az/firmeneintrag/39539/3350089233/ANTJE_UND_JENS_KOEPKE_GBR.html|koepkegarz@t-online.de
17091|||Holm GbR Landwirtschaftsbetrieb|Rosenow|173525|578|None||No Address|||No Business Description|No Business Name|http://www.firmenwissen.de/az/firmeneintrag/06844/3290167946/FRIEDRICH_HELM_DANILO_HELM_GBR_LANDWIRTSCHAFTSBETRIEB.html|None
18276|||Schmitte-Mergel  GbR|Kuhs|173289|578|None||No Address|||No Business Description|No Business Name|http://www.firmenwissen.de/az/firmeneintrag/79379/7010354859/ANDREAS_MERGEL_VIKTOR_MERGEL_GIPSERGESCHAEFT_GBR.html|info@mergel-wohnbau.de
6729|||GbR Burggraf|Elsteraue|173224|577|None||No Address|||No Business Description|No Business Name|http://www.firmenwissen.de/az/firmeneintrag/59969/4270130502/KNIEFELD_BURGGRAF_GBR_FAHRSCHULE.html|None
17091|||Taake & Sohn GbR|Knorrendorf|173184|577|None||No Address|||No Business Description|No Business Name|http://www.firmenwissen.de/az/3/2/8/3/2_1.html|None
18292|||Agrargen. Groß Grabow e.G.|Krakow am See Stadt|173029|577|None||No Address|||No Business Description|No Business Name|https://duckduckgo.com/?q=Agrargen.+Gro%C3%9F+Grabow+e.G.+site%3Ahttp%3A%2F%2Fwww.firmenwissen.de%2F|None
4889|||Hauptmann/Thiele GbRRoger Hauptmann u. Dietmar Thiele|Belgern-Schildau Stadt|172798|576|None||No Address|||No Business Description|No Business Name|https://duckduckgo.com/?q=Hauptmann%2FThiele+GbRRoger+Hauptmann+u.+Dietmar+Thiele+site%3Ahttp%3A%2F%2Fwww.firmenwissen.de%2F|None
17390|||GbR Jäger & Adamy|Ziethen|172510|575|None||No Address|||No Business Description|No Business Name|http://www.firmenwissen.de/az/1/7/3/9/0_1.html|None
16845|||GbR -Märkischer Landmann- Helm|Wusterhausen/Dosse|172277|574|None||No Address|||No Business Description|No Business Name|http://www.firmenwissen.de/az/9/9/4/2/3_4.html|None
19374|||Agrar GmbH Malchow|Damm|172257|574|None||No Address|||No Business Description|No Business Name|http://www.firmenwissen.de/az/firmeneintrag/19374/3330089855/AGRAR_GMBH_MALCHOW.html|None
18314|||Rinderzucht GmbH Barth|Barth Stadt|171665|572|None||No Address|||No Business Description|No Business Name|http://www.firmenwissen.de/az/firmeneintrag/18356/3190097539/RINDERZUCHT_GMBH_BARTH.html|lwg.barth@t-online.de
29664|||BG Uetzingen-Meinerdingen GbR|Walsrode Stadt|171649|572|None||No Address|||No Business Description|No Business Name|http://www.firmenwissen.de/az/firmeneintrag/29699/2050792379/BEGE_BIOGAS_GMBH.html|None
18442|||Rolf und Tristan Stoltenberg|Groß Kordshagen|171382|571|None||No Address|||No Business Description|No Business Name|http://www.firmenwissen.de/az/firmeneintrag/18442/3190411587/ROLF_UND_TRISTAN_STOLTENBERG_OHG.html|None
17121|||Trantower Zuchthof GbR|Sassen-Trantow|170761|569|None||No Address|||No Business Description|No Business Name|http://www.firmenwissen.de/az/firmeneintrag/17121/3490101172/MAXIMILIAN_GRAF_VON_BISMARCK_SCHOENHAUSEN_UND_TRANTOWER_AGRAR_VERWALTUNGSGESELLSCHAFT_MBH.html|None
17268|||LwB Petznick GbR|Mittenwalde|170628|569|None||No Address|||No Business Description|No Business Name|http://www.firmenwissen.de/az/firmeneintrag/17268/3490146550/CHRISTINA_VON_HAAREN_UND_TOBIAS_VON_HAAREN.html|None
98574|||Schäferei GbR Urbach|Schmalkalden Kurort Stadt|170623|569|None||No Address|||No Business Description|No Business Name|http://www.firmenwissen.de/az/ra_337.html|None
39264|||GbR Moritz BEG|Zerbst/Anhalt Stadt|170570|569|None||No Address|||No Business Description|No Business Name|http://www.firmenwissen.de/az/firmeneintrag/39264/3290042397/E_BETTGE_W_BETTGE_T_DOEHRING_GBR_BEG_GBR_MORITZ.html|None
18569|||Krause-Hof Udars GbR|Schaprode|170507|568|None||No Address|||No Business Description|No Business Name|http://www.firmenwissen.de/az/firmeneintrag/18569/3190084590/ERNST_GUENTHER_KRAUSE_UND_MIRKO_KRAUSE_KRAUSE_HOF_UDARS_GBR.html|krause-hof@t-online.de
31249|||Ackerkrume GmbH & Co. KG|Hohenhameln|170472|568|None||No Address|||No Business Description|No Business Name|http://www.firmenwissen.de/az/firmeneintrag/31249/2210173803/ACKERKRUME_GMBH_CO_KG.html|None
91785|||Seibold Josef & Rosa-Maria GbR|Pleinfeld M|170198|567|None||No Address|||No Business Description|No Business Name|http://www.firmenwissen.de/az/firmeneintrag/91785/8190288179/JOSEF_ROSA_MARIA_UND_MICHAEL_SEIBOLD_LANDWIRTSCHAFT.html|None
9633|||AS von Schönberg GbR|Halsbrücke|170172|567|None||No Address|||No Business Description|No Business Name|http://www.firmenwissen.de/az/firmeneintrag/09633/3030068353/GUTSBETRIEB_ALBRECHT_SUSANNE_VON_SCHOENBERG_GBR.html|a.v.schoenberg@gmx.de
6556|||Betriebsgemeinschaft Körber/Kliem GBR|Kalbsrieth|170076|567|None||No Address|||No Business Description|No Business Name|http://www.firmenwissen.de/az/firmeneintrag/06556/3450012731/WOLFGANG_KOERBER_MARKUS_KLIEM_LANDWIRTSCHAFTLICHE_BETRIEBSGEMEINSCHAFT.html|mkliem@t-online.de
2692|||Busch GbRHans-Peter Heckele-Busch|Doberschau-Gaußig|169836|566|None||No Address|||No Business Description|No Business Name|https://duckduckgo.com/?q=Busch+GbRHans-Peter+Heckele-Busch+site%3Ahttp%3A%2F%2Fwww.firmenwissen.de%2F|None
33818|||Agrar Hovedissen GbR|Leopoldshöhe|169785|566|None||No Address|||No Business Description|No Business Name|http://www.firmenwissen.de/az/firmeneintrag/24357/2230210400/BALTIC_AGRAR_GMBH_CO_KG.html|None
50127|||Gutsverwaltung Schlenderhan Georg von Ullmann|Bergheim Stadt|169385|565|None||No Address|||No Business Description|No Business Name|https://duckduckgo.com/?q=Gutsverwaltung+Schlenderhan+Georg+von+Ullmann+site%3Ahttp%3A%2F%2Fwww.firmenwissen.de%2F|None
3229|||Schöllnitz Agrar GmbH|Altdöbern|169366|565|None||No Address|||No Business Description|No Business Name|http://www.firmenwissen.de/az/firmeneintrag/03229/3050236395/SCHOELLNITZ_AGRAR_GMBH.html|None
16321|||Hoffnungstaler Stiftung Lobetal|Bernau bei Berlin Stadt|169198|564|None||No Address|||No Business Description|No Business Name|http://www.firmenwissen.de/az/firmeneintrag/16321/2011420563/HOFFNUNGSTALER_STIFTUNG_LOBETAL.html|vorstand@lobetal.de
39171|||Schwanke GbR|Sülzetal|168907|563|None||No Address|||No Business Description|No Business Name|http://www.firmenwissen.de/az/firmeneintrag/39171/3170024549/PETER_SCHWANKE_UND_FRANZ_GLOWINKA_SCHWANKE_GBR.html|schwanke-gbr@t-online.de
24214|||Prall & Marxen GbR|Gettorf|168780|563|None||No Address|||No Business Description|No Business Name|http://www.firmenwissen.de/az/firmeneintrag/24214/2230131783/CARSTEN_PRALL_ECKHARD_MARXEN_ISARNHO_FARMS_GBR.html|None
16845|||Wi.gem.Mutterkuhhaltg.Lue|Temnitztal|168691|562|None||No Address|||No Business Description|No Business Name|http://www.firmenwissen.de/az/firmeneintrag/84489/8250317961/GEWIST_GESELLSCHAFT_FUER_WIRTSCHAFTS_UND_STEUERBERATUNG_MBH.html|None
18516|||Notzke GbR|Süderholz|168545|562|None||No Address|||No Business Description|No Business Name|http://www.firmenwissen.de/az/firmeneintrag/21073/2151706994/GUENTER_BLOCK_UND_KERSTIN_NOTZKE_GUENTERBLOCKFOTOGRAFIE.html|guenterblock@gmx.net
38315|||Vorharz Agrar GbR|Schladen-Werla|168492|562|None||No Address|||No Business Description|No Business Name|http://www.firmenwissen.de/az/firmeneintrag/38315/2030355218/AGRAR_VORHARZ_GBR.html|None
39291|||Van den Tillaart Agrar GmbH|Möckern Stadt|168157|561|None||No Address|||No Business Description|No Business Name|http://www.firmenwissen.de/az/firmeneintrag/39291/3170284032/VAN_DEN_TILLAART_AGRAR_GMBH_CO_KG.html|None
19309|||Weideland GmbH|Lenzerwische|167928|560|None||No Address|||No Business Description|No Business Name|http://www.firmenwissen.de/az/firmeneintrag/17039/3490083733/WEIDELAND_GMBH_CO_KG_DAHLEN.html|None
15754|||Landwirte GmbH Gräbendorf|Heidesee|167645|559|None||No Address|||No Business Description|No Business Name|http://www.firmenwissen.de/az/firmeneintrag/15754/2010543036/LANDWIRTE_GESELLSCHAFT_MBH_GRAEBENDORF.html|None
37170|||Ahletal KG|Uslar Stadt|167611|559|None||No Address|||No Business Description|No Business Name|http://www.firmenwissen.de/az/firmeneintrag/37170/2110166693/AHLETAL_KG.html|None
19077|||FERI Agro GmbH Rastow|Rastow|167471|558|None||No Address|||No Business Description|No Business Name|http://www.firmenwissen.de/az/firmeneintrag/19077/3330038146/FERI_AGROGESELLSCHAFT_MBH_RASTOW.html|None
39288|||Neubauer GbR|Burg Stadt|167449|558|None||No Address|||No Business Description|No Business Name|http://www.firmenwissen.de/az/firmeneintrag/39124/3170310926/SEBASTIAN_BARTOLY_UND_KAY_NEUBAUER_GBR_MEERWASSERHOF_MAGDEBURG.html|mail@meerwasserhof-magdeburg.de
15913|||Landw. Gen. Byhleguhre|Byhleguhre-Byhlen|167161|557|None||No Address|||No Business Description|No Business Name|https://duckduckgo.com/?q=Landw.+Gen.+Byhleguhre+site%3Ahttp%3A%2F%2Fwww.firmenwissen.de%2F|None
17268|||LWB Mittenwalde GbR|Mittenwalde|166995|557|None||No Address|||No Business Description|No Business Name|http://www.firmenwissen.de/az/firmeneintrag/17268/3490021278/CHRISTINA_VON_HAAREN_UND_TOBIAS_VON_HAAREN.html|None
37130|||BG Bornemann-Erle-Pieper GbR|Gleichen|166931|556|None||No Address|||No Business Description|No Business Name|https://duckduckgo.com/?q=BG+Bornemann-Erle-Pieper+GbR+site%3Ahttp%3A%2F%2Fwww.firmenwissen.de%2F|None
86836|||Hagg Gebrüder GbR|Graben|166764|556|None||No Address|||No Business Description|No Business Name|http://www.firmenwissen.de/az/firmeneintrag/86836/8030217731/CHRISTIAN_HAGG_UND_HERMANN_HAGG_LANDWIRTSCHAFT_GBR.html|None
19209|||Perliner Milcherzeuger e.G.|Perlin|166729|556|None||No Address|||No Business Description|No Business Name|https://duckduckgo.com/?q=Perliner+Milcherzeuger+e.G.+site%3Ahttp%3A%2F%2Fwww.firmenwissen.de%2F|None
31311|||KOMBI GmbH & Co. KG|Uetze|166682|556|None||No Address|||No Business Description|No Business Name|http://www.firmenwissen.de/az/firmeneintrag/31311/2190641164/KOMB_I_GMBH_CO_KG.html|None
19303|||Woldmann Jens|Vielank|166366|555|None||No Address|||No Business Description|No Business Name|http://www.firmenwissen.de/az/firmeneintrag/19303/3330237564/JENS_PETER_UND_DANIELA_WOLDMANN_BIOGASANLAGE.html|None
39615|||Osters & Voß Landbau GmbH|Seehausen (Altmark) Hansestadt|166304|554|None||No Address|||No Business Description|No Business Name|http://www.firmenwissen.de/az/firmeneintrag/39615/3350075391/OSTERS_VOSS_LANDBAU_GMBH.html|kontakt@osters-voss.de
29386|||Agil GmbH & Co. KG|Hankensbüttel|166255|554|None||No Address|||No Business Description|No Business Name|http://www.firmenwissen.de/az/firmeneintrag/29386/2070144476/AGIL_GMBH_CO_KG.html|None
16278|||Gut Angermünde Betr-gesellsch. mbH|Angermünde Stadt|166227|554|None||No Address|||No Business Description|No Business Name|https://duckduckgo.com/?q=Gut+Angerm%C3%BCnde+Betr-gesellsch.+mbH+site%3Ahttp%3A%2F%2Fwww.firmenwissen.de%2F|None
14947|||-alsai- Agrarprodukte GmbH Märtensmühle|Nuthe-Urstromtal|166192|554|None||No Address|||No Business Description|No Business Name|https://duckduckgo.com/?q=-alsai-+Agrarprodukte+GmbH+M%C3%A4rtensm%C3%BChle+site%3Ahttp%3A%2F%2Fwww.firmenwissen.de%2F|None
17375|||Landgut Seegrund GbR|Hintersee|165993|553|None||No Address|||No Business Description|No Business Name|http://www.firmenwissen.de/az/firmeneintrag/17375/3490030347/WERNER_LUECKMANN_UND_HEINER_LUECKMANN_LANDGUT_SEEGRUND_GBR.html|lsgbr@aol.com
2708|||Heinke GbRHerrn Jens Heinke|Großschweidnitz|165624|552|None||No Address|||No Business Description|No Business Name|http://www.firmenwissen.de/az/firmeneintrag/04565/3150368629/JENS_HEINKE_METALLBAU.html|None
37176|||Agrar-Betriebsgemeinschaft Leine-Solling GbR|Nörten-Hardenberg Flecken|165549|552|None||No Address|||No Business Description|No Business Name|http://www.firmenwissen.de/az/firmeneintrag/37176/2110074152/AGRAR_BETRIEBSGEMEINSCHAFT_LEINE_SOLLING_GBR.html|Agrar-BG@leine-solling.com
99994|||RMT Landwirtschafts-KG|Schlotheim Stadt|165335|551|None||No Address|||No Business Description|No Business Name|http://www.firmenwissen.de/az/firmeneintrag/99994/3230008217/RMT_LANDWIRTSCHAFTS_KG.html|None
27259|||Hornsheide GbR|Varrel|165283|551|None||No Address|||No Business Description|No Business Name|http://www.firmenwissen.de/az/firmeneintrag/27259/2050787349/HORNSHEIDE_GBR.html|None
37124|||BG Obernjesa GbR|Rosdorf|163977|547|None||No Address|||No Business Description|No Business Name|http://www.firmenwissen.de/az/firmeneintrag/37120/2110146812/HERBERT_HARDEGE_JOACHIM_KOEHLER_BURKHARD_DUEVEL_BG_PLESSE_GBR.html|None
39164|||Alboco GmbH|Hecklingen Stadt|163874|546|None||No Address|||No Business Description|No Business Name|http://www.firmenwissen.de/az/firmeneintrag/39164/3170037639/ALBOCO_GMBH.html|buero@koecher-Meuser.de
21385|||Böttcher GbR|Rehlingen|163801|546|None||No Address|||No Business Description|No Business Name|http://www.firmenwissen.de/az/firmeneintrag/83646/8290181845/MARC_ANDRE_BOETTCHER_KARIN_BOETTCHER_GBR_MAB_CONSULT.html|info@mab-consult.de
37139|||Bartram GbR|Adelebsen Flecken|163740|546|None||No Address|||No Business Description|No Business Name|http://www.firmenwissen.de/az/firmeneintrag/37139/2110146121/KARL_FRIEDRICH_MARITA_BARTRAM_GBR.html|None
6667|||LW GmbH -Saaleaue- Reichardtswerben|Weißenfels Stadt|163257|544|None||No Address|||No Business Description|No Business Name|https://duckduckgo.com/?q=LW+GmbH+-Saaleaue-+Reichardtswerben+site%3Ahttp%3A%2F%2Fwww.firmenwissen.de%2F|None
38376|||Elm-Dorm Landbau KG|Süpplingenburg|163252|544|None||No Address|||No Business Description|No Business Name|http://www.firmenwissen.de/az/firmeneintrag/38376/2030268438/ELM_DORM_LANDBAU_KG_SUEPPLINGENBURG.html|None
39175|||Körbelitzer Agro GbR|Möser|163150|544|None||No Address|||No Business Description|No Business Name|http://www.firmenwissen.de/az/firmeneintrag/39175/3170067861/REINER_BREITENBACH_KARL_HEINZ_HOESE_RUDOLF_SEEGER_KOERBELITZER_AGRO_GBR.html|Koerbelitzer-Agro-GbR@t-online.de
39175|||Agr.GmbH Gerwisch & Co.KG|Biederitz|162605|542|None||No Address|||No Business Description|No Business Name|http://www.firmenwissen.de/az/firmeneintrag/55130/6190330099/AGR_DEUTSCHLAND_GMBH_CO_KG.html|None
16259|||Agrogen. Neuküstrinchen eG|Oderaue|162591|542|None||No Address|||No Business Description|No Business Name|https://duckduckgo.com/?q=Agrogen.+Neuk%C3%BCstrinchen+eG+site%3Ahttp%3A%2F%2Fwww.firmenwissen.de%2F|None
37181|||Ahrhaus GbR|Hardegsen Stadt|162450|541|None||No Address|||No Business Description|No Business Name|http://www.firmenwissen.de/az/firmeneintrag/44137/4070520268/STEFAN_TARHAUS_ARCHITEKTURBUERO.html|architekt@tarhaus.de
6712|||Körner-Hof-GbR|Kretzschau|162307|541|None||No Address|||No Business Description|No Business Name|http://www.firmenwissen.de/az/firmeneintrag/06712/3130145180/REINHARD_KOERNER_TILO_KOERNER_KOERNER_HOF_GBR.html|r.koerner@koernerhof.de
18246|||Meiners-Hobel GbR|Bützow Stadt|162257|541|None||No Address|||No Business Description|No Business Name|http://www.firmenwissen.de/az/firmeneintrag/18246/3190156109/DR_DOROTHEE_HOBEL_MEINERS_UND_ECKHARD_MEINERS_MEINERS_HOBEL_GBR.html|None
18445|||Ulrike Rieve KG|Prohn|162164|541|None||No Address|||No Business Description|No Business Name|http://www.firmenwissen.de/az/firmeneintrag/18445/3190400784/ULRIKE_RIEVE_KG.html|None
6484|||Multhaupt GbR|Ditfurt|161841|539|None||No Address|||No Business Description|No Business Name|http://www.firmenwissen.de/az/firmeneintrag/06484/3370019171/JOACHIM_MULTHAUPT_ELEONORE_MULTHAUPT_GBR_PFLANZENPRODUKTION.html|None
17392|||LaBo Landwirtschaftsbetrieb Boldekow GmbH & Co. KG|Boldekow|161744|539|None||No Address|||No Business Description|No Business Name|http://www.firmenwissen.de/az/firmeneintrag/17392/3490052071/LABO_LANDWIRTSCHAFTSBETRIEB_BOLDEKOW_GMBH_CO_KG.html|None
37339|||Werner Maulhardt  GbR|Hundeshagen|161553|539|None||No Address|||No Business Description|No Business Name|http://www.firmenwissen.de/az/firmeneintrag/37339/3230099025/WERNER_MAULHARDT_UND_THOMAS_MAULHARDT_LANDWIRTSCHAFT.html|werner-maulhardt@t-online.de
19217|||GbR Hennicke|Utecht|161433|538|None||No Address|||No Business Description|No Business Name|http://www.firmenwissen.de/az/firmeneintrag/49328/2310127472/KARL_FRIEDRICH_HENSIEK_DR_HANS_PETER_HENNICKE_WIESENBURG_GOETHEPLATZ_GBR.html|None
10117|||KUP Berlin Brandenburg GmbH|Berlin Stadt|161264|538|None||No Address|||No Business Description|No Business Name|http://www.firmenwissen.de/az/firmeneintrag/10117/2012044331/KUP_BERLIN_BRANDENBURG_GMBH.html|None
14669|||H. Lorberg Baumschulen KG|Ketzin/Havel Stadt|161026|537|None||No Address|||No Business Description|No Business Name|http://www.firmenwissen.de/az/firmeneintrag/14669/3270091367/H_LORBERG_BAUMSCHULEN_KG.html|lorberg@lorberg.com
16845|||Agrarprod. Babe GmbH|Sieversdorf-Hohenofen|160675|536|None||No Address|||No Business Description|No Business Name|https://duckduckgo.com/?q=Agrarprod.+Babe+GmbH+site%3Ahttp%3A%2F%2Fwww.firmenwissen.de%2F|None
8340|||Landgut Schwarzenberg GmbH /die|Schwarzenberg/Erzgeb. Stadt|160589|535|None||No Address|||No Business Description|No Business Name|http://www.firmenwissen.de/az/firmeneintrag/08340/3310018956/LANDGUT_SCHWARZENBERG_GMBH.html|landgut.asz@freenet.de
19372|||Agrar GbR Ziegendorf|Ziegendorf|160327|534|None||No Address|||No Business Description|No Business Name|http://www.firmenwissen.de/az/1/9/3/7/2_3.html|None
49453|||Kriesmann GbR|Barver|160325|534|None||No Address|||No Business Description|No Business Name|http://www.firmenwissen.de/az/firmeneintrag/49453/2050762205/ANNETTE_KRIESMANN_JOERN_KRIESMANN_LANDWIRTSCHAFT.html|Kriesmann@t-online.de
29584|||Röbbelbach GbR|Himbergen|160319|534|None||No Address|||No Business Description|No Business Name|https://duckduckgo.com/?q=R%C3%B6bbelbach+GbR+site%3Ahttp%3A%2F%2Fwww.firmenwissen.de%2F|None
18279|||Agrar-Milchhof-Stiewe GbR|Lalendorf|160167|534|None||No Address|||No Business Description|No Business Name|http://www.firmenwissen.de/az/firmeneintrag/18279/3190015478/HANS_GUENTER_STIEWE_UND_KARL_HEINZ_STIEWE.html|hg@amh-stiewe.de
53343|||Ariwa GbR|Wachtberg|160041|533|None||No Address|||No Business Description|No Business Name|http://www.firmenwissen.de/az/firmeneintrag/53343/5030344996/GEORG_FREIHERR_VON_LOE_DR_HERBERT_BLUMENCRON_DR_JOBST_SCHAAFFHAUSEN.html|None
18516|||GbR Hinnemann|Süderholz|159925|533|None||No Address|||No Business Description|No Business Name|http://www.firmenwissen.de/az/firmeneintrag/20457/2151590039/GEBR_HEINEMANN_VERWALTUNGS_SE.html|info@gebr-heinemann.de
29413|||Ackerbau Eickhorst GbR|Dähre|159034|530|None||No Address|||No Business Description|No Business Name|http://www.firmenwissen.de/az/firmeneintrag/29413/3350080861/FRANK_FEHSE_HANS_JOACHIM_UND_JAN_WILHELM_VON_D_OHE_ACKERBAU_EICKHORST_GBR.html|05837587@t-online.de
6420|||EMB GmbH|Könnern Stadt|158572|529|None||No Address|||No Business Description|No Business Name|http://www.firmenwissen.de/az/firmeneintrag/74182/7070308745/EMB_GMBH.html|erdmann_ulrike@web.de
34439|||von Spiegel'sche Gutsverw. Helmern|Willebadessen Stadt|157972|527|None||No Address|||No Business Description|No Business Name|https://duckduckgo.com/?q=von+Spiegel%27sche+Gutsverw.+Helmern+site%3Ahttp%3A%2F%2Fwww.firmenwissen.de%2F|None
23619|||Betriebsgemeinschaft Pöhls-Steinfelderwohld GbR.|Rehhorst|157958|527|None||No Address|||No Business Description|No Business Name|https://duckduckgo.com/?q=Betriebsgemeinschaft+P%C3%B6hls-Steinfelderwohld+GbR.+site%3Ahttp%3A%2F%2Fwww.firmenwissen.de%2F|None
4916|||LVP GmbH Herzberg|Herzberg (Elster) Stadt|157957|527|None||No Address|||No Business Description|No Business Name|http://www.firmenwissen.de/az/firmeneintrag/91629/8190782749/LVP_GMBH.html|kontakt@lvp.de
18233|||Meyer/Delfs GbR|Carinerland|157545|525|None||No Address|||No Business Description|No Business Name|http://www.firmenwissen.de/az/firmeneintrag/24242/2230219542/REINHARD_BENJAMIN_DELFS_GBR_BETRIEB_SPORTRESTAURANT_TUS_FELDE.html|None
38855|||BG F.Hünersdorf|Nordharz|157400|525|None||No Address|||No Business Description|No Business Name|http://www.firmenwissen.de/az/firmeneintrag/38855/3370014284/FRIEDRICH_HUENERSDORF_GUENTER_WALL_WOLFGANG_TSCHOEPE_LANDWIRTSCHAFT_GBR.html|f.huenersdorf@web.de
18239|||Petersen GbR|Retschow|157350|525|None||No Address|||No Business Description|No Business Name|http://www.firmenwissen.de/az/firmeneintrag/61440/6290282803/JENS_PETERSEN_DORIS_PETERSEN_GBR.html|None
4741|||Kutscher & Partner GmbH|Roßwein Stadt|157260|524|None||No Address|||No Business Description|No Business Name|http://www.firmenwissen.de/az/firmeneintrag/04741/3150024157/KUTSCHER_UND_PARTNER_GMBH.html|None
31241|||Atila GbR|Ilsede|157046|523|None||No Address|||No Business Description|No Business Name|http://www.firmenwissen.de/az/firmeneintrag/31241/2210179651/ATILA_GBR_LANDWIRTSCHAFT.html|behrend.nottbohm@t-online.de
18556|||Landwirtschafts GbR Breege|Altenkirchen|157003|523|None||No Address|||No Business Description|No Business Name|http://www.firmenwissen.de/az/firmeneintrag/18556/3190089322/RAINER_SCHEIBE_UND_FRANK_SCHEIBE.html|None
39397|||GbR Lünenborg und Partner|Gröningen Stadt|156967|523|None||No Address|||No Business Description|No Business Name|http://www.firmenwissen.de/az/firmeneintrag/39397/3170081528/ANDREAS_LUENENBORG_MECHTHILD_LUENENBORG_GBR_LUENENBORG_PARTNER.html|None
16945|||LPG mbH Frehne Eins|Marienfließ|156686|522|None||No Address|||No Business Description|No Business Name|http://www.firmenwissen.de/az/firmeneintrag/16945/3270085239/LANDWIRTSCHAFTLICHE_PRODUKTIONSGESELLSCHAFT_MBH_FREHNE_EINS.html|None
4880|||Landwirtschaftsbetrieb Jänsch GbRInes Jänsch|Elsnig|156679|522|None||No Address|||No Business Description|No Business Name|https://duckduckgo.com/?q=Landwirtschaftsbetrieb+J%C3%A4nsch+GbRInes+J%C3%A4nsch+site%3Ahttp%3A%2F%2Fwww.firmenwissen.de%2F|None
39387|||Schwieger/Stridte GbR|Oschersleben (Bode) Stadt|156594|522|None||No Address|||No Business Description|No Business Name|http://www.firmenwissen.de/az/firmeneintrag/39387/3170021866/JOACHIM_SCHWIEGER_HARTMUT_STRIDTE_GBR_LANDWIRTSCHAFT.html|None
37581|||Brethauer-Sälzer GbR|Bad Gandersheim Stadt|156587|522|None||No Address|||No Business Description|No Business Name|http://www.firmenwissen.de/az/firmeneintrag/37581/2130110695/GEORG_BRETHAUER_DIETRICH_UND_GUNDA_SAELZER_BETRIEBSGEMEINSCHAFT.html|None
99706|||Betriebsgemeinschaft Wisotzky GbR|Sondershausen Stadt|156518|522|None||No Address|||No Business Description|No Business Name|http://www.firmenwissen.de/az/9/9/7/0/6_5.html|None
24635|||Landesverein f. Innere Mission|Rickling|156339|521|None||No Address|||No Business Description|No Business Name|http://www.firmenwissen.de/az/6/7/0/9/8_7.html|None
39343|||PPH Gut Hundisburg GbR|Haldensleben Stadt|156136|520|None||No Address|||No Business Description|No Business Name|http://www.firmenwissen.de/az/firmeneintrag/39343/3170258104/CARSTEN_PRUESSE_HANS_HEINRICH_PRUESSE_PPH_GUT_HUNDISBURG_GBR.html|None
65205|||Wiesbadener Jugendwerkstatt GmbH|Wiesbaden Landeshauptstadt|156119|520|None||No Address|||No Business Description|No Business Name|http://www.firmenwissen.de/az/firmeneintrag/65189/6250012131/WJW_WIESBADENER_JUGENDWERKSTATT_GESELLSCHAFT_MIT_BESCHRAENKTER_HAFTUNG.html|info@wjwgmbh.de
15518|||Puhlmann GbR|Steinhöfel|156089|520|None||No Address|||No Business Description|No Business Name|http://www.firmenwissen.de/az/firmeneintrag/30165/2190643264/DETLEV_THIEMANN_OLAV_PUHLMANN_GBR_C_J_KUEHLERBAU_UND_FAHRZEUGTECHNIK.html|info@puhlmann-automobile.de
18249|||Zerniner Höfe GbR|Tarnow|156008|520|None||No Address|||No Business Description|No Business Name|http://www.firmenwissen.de/az/1/8/2/4/9_2.html|None
30982|||Landwärts GbR|Pattensen Stadt|155942|520|None||No Address|||No Business Description|No Business Name|http://www.firmenwissen.de/az/firmeneintrag/39638/3350015456/FRIEDRICH_WILHELM_GIGGEL_REINHARD_KULOW_HEINZ_DREBENSTEDT_GBR.html|landwirtsgbr@aol.com
99955|||Agrar GmbH Bruchstedt|Bruchstedt|155590|519|None||No Address|||No Business Description|No Business Name|http://www.firmenwissen.de/az/firmeneintrag/99955/3230031651/AGRAR_GMBH_BRUCHSTEDT.html|agrar.bruchstedt@t-online.de
16259|||Naturrinder Falkenhof GbR|Falkenberg|155383|518|None||No Address|||No Business Description|No Business Name|http://www.firmenwissen.de/az/firmeneintrag/16259/3250222248/JOERG_SCHROMM_RICHARD_SCHROMM_NATURRINDER_FALKENHOF_GBR.html|None
6869|||Ökodomäne Cobbelsdorf GmbH GmbH|Coswig (Anhalt) Stadt|155368|518|None||No Address|||No Business Description|No Business Name|https://duckduckgo.com/?q=%C3%96kodom%C3%A4ne+Cobbelsdorf+GmbH+GmbH+site%3Ahttp%3A%2F%2Fwww.firmenwissen.de%2F|None
23923|||Maurinehof OHG|Schönberg Stadt|155319|518|None||No Address|||No Business Description|No Business Name|http://www.firmenwissen.de/az/firmeneintrag/63825/8010128505/DORLE_ENGEL_PFLEGEHEIM_MARIENHOF.html|dorle-engel@altenpflegeheim-marienhof.de
21465|||Graf v. Bismarck - Schönhausen Maximilian|Reinbek Stadt|155004|517|None||No Address|||No Business Description|No Business Name|http://www.firmenwissen.de/az/firmeneintrag/17111/3490164069/MAXIMILIAN_GRAF_VON_BISMARCK_SCHOENHAUSEN_LANDWIRTSCHAFT_BORRENTIN.html|None
39596|||AG Krusemark|Hohenberg-Krusemark|154992|517|None||No Address|||No Business Description|No Business Name|http://www.firmenwissen.de/az/firmeneintrag/39596/2012536519/NORDSTROM_AG.html|None
39624|||LBG Plönnigs/Valdiek GbR|Kalbe (Milde) Stadt|154515|515|None||No Address|||No Business Description|No Business Name|http://www.firmenwissen.de/az/firmeneintrag/39624/3350078912/DIETRICH_PLOENNIGS_UND_ULRICH_VALDIEK_GBR_ENERGIE_UND_EIGENTUMS_GBR.html|None
2956|||Viereichener Rindfleisch e.G.|Rietschen|154477|515|None||No Address|||No Business Description|No Business Name|http://www.firmenwissen.de/az/firmeneintrag/02956/3050027090/VIEREICHENER_RINDFLEISCH_E_G.html|viereichener-rindfleisch@t-online.de
17217|||Penzliner Landwirtschaft GmbH& Co KG|Penzlin Stadt|154372|515|None||No Address|||No Business Description|No Business Name|http://www.firmenwissen.de/az/firmeneintrag/24357/2230210400/BALTIC_AGRAR_GMBH_CO_KG.html|None
38547|||Lüneburg - Reinecke GbR|Calberlah|154370|515|None||No Address|||No Business Description|No Business Name|http://www.firmenwissen.de/az/firmeneintrag/29225/2070204044/MICHAELA_BERG_UND_VIVIEN_REINECKE_GBR_EASY_TRAVEL_GBR.html|None
