16303|||MILGETA Agrar GmbH|Schwedt/Oder Stadt|401689|1339|03332 510237||Schwedenweg 18|||Landmaschinenhändler|MILGETA Agrargesellschaft mbH Vierraden|http://www.firmenwissen.de/az/firmeneintrag/16303/3250012236/MILGETA_AGRARGESELLSCHAFT_MIT_BESCHRAENKTER_HAFTUNG_VIERRADEN.html|None
19300|||Milower Agrarmarketing GmbH|Milow|182333|608|038781 40222||Gartenstraße 6|||Gartengeräte und Landgeräte Einzelhandel|Milower Agrarmarketing GmbH|http://www.firmenwissen.de/az/firmeneintrag/19300/3330045086/MILOWER_AGRARMARKETING_GMBH.html|None
19300|||Milower Feldfrucht GmbH|Steesow|230159|767|038781 40222||Postweg|||Kartoffel Großhandel|Milower Feldfrucht GmbH|http://www.firmenwissen.de/az/firmeneintrag/19300/3330045086/MILOWER_AGRARMARKETING_GMBH.html|None
1920|||Miltitzer Agrar GmbH|Nebelschütz|337856|1126|035796 88910||Lindach 2|||Landwirtschaftsbetrieb|Miltitzer Agrar GmbH|http://www.firmenwissen.de/az/firmeneintrag/01920/3070033967/MILTITZER_AGRAR_GMBH.html|info@miltitz-agrar.de
18519|||Miltzower Milchhof GmbH|Sundhagen|273964|913|038328 391||Schwarzer Weg 4 OT|||Rinderzüchtereien|Miltzower Milchhof GmbH|http://www.firmenwissen.de/az/firmeneintrag/18519/3190014395/MILTZOWER_MILCHHOF_GMBH.html|None
87775|||Mindelmilch KG|Salgen|57223|191|08265 7088||Zaisertshofener Str. 6|||Tierzucht und Tierhaltung|Mindelmilch KG|https://duckduckgo.com/?q=Mindelmilch+KG+site%3Ahttp%3A%2F%2Fwww.firmenwissen.de%2F|None
38855|||Mitschurin GaLaBau &Technik eG|Wernigerode Stadt|129213|431|03943 264510||Dornbergsweg 38|||Landschaftsgärtner|Mitschurin Galabau & Technik e.G.|http://www.firmenwissen.de/az/firmeneintrag/38855/3370002672/MITSCHURIN_GALABAU_TECHNIK_E_G.html|info@mitschurin.de
2997|||MKH Agrar-Produkte GmbH Wittichenau|Wittichenau Stadt|796229|2654|035725 70258||Kamenzer Str. 58|||Landwirtschaftsbetrieb|MKH Agrar-produkte GmbH|http://www.firmenwissen.de/az/firmeneintrag/02997/3050006486/MKH_AGRAR_PRODUKTE_GMBH.html|post@mkh-wittichenau.de
15566|||MM-Agrar Betriebs  GmbH|Strausberg Stadt|246350|821|030 64905175||Am Weidensee 9A|||Landwirtschaftsbetrieb|MM Agrar Betriebs GmbH|http://www.firmenwissen.de/az/firmeneintrag/15566/3250157710/MM_AGRAR_BETRIEBS_GMBH.html|None
6618|||Milcherzeugung Molau e.G.|Naumburg (Saale) Stadt|321148|1070|034466 20285||Langes Feld 2|||Molkerei|MM Milcherzeugung Molau e.G.|http://www.firmenwissen.de/az/firmeneintrag/06618/3130006379/MILCHERZEUGUNG_MOLAU_EG.html|info@milcherzeugung-molau.de
4720|||Mochauer Landwirtschaftsgesellschaft mbH|Mochau|147321|491|034325 20236||Zur Jahnaquelle 22|||Tierzucht und Tierhaltung|Mochauer Landwirtschaftsgesellschaft mbH|http://www.firmenwissen.de/az/firmeneintrag/04720/3150074206/MOCHAUER_LANDWIRTSCHAFTSGESELLSCHAFT_MBH.html|None
59510|||Rasche GbR|Lippetal|47576|159|0351 2690884||An der Prießnitzaue 19|||Stahlbauunternehmen|Montageservice D & S Rasche GbR|http://www.firmenwissen.de/az/firmeneintrag/18375/3190405938/ANDREAS_RASCHE_UND_MICHAEL_RASCHE_REEDEREI_W_RASCHE_GBR.html|reederei-rasche@gmx.de
28870|||Moor Milch KG|Ottersberg Flecken|50426|168|04297 998||Giers-Schanzendorf 5|||Landwirtschaft|Moor Milch KG|http://www.firmenwissen.de/az/firmeneintrag/28870/2050696625/MOOR_MILCH_KG.html|None
29361|||MPM GmbH & Co. KG|Eschede|128183|427|0201 105670||Kopstadtpl. 13|||Zeitarbeitsagentur|MPM Meyer Personalmanagement GmbH & Co. KG|http://www.firmenwissen.de/az/firmeneintrag/29361/2070156548/MPM_GMBH_CO_KG.html|None
99189|||Mühlberghof Leefers GbR|Gebesee Stadt|177986|593|036201 50901||Mühlstraße 28|||Hofläden|Mühlberghof Andrea Leefers|http://www.firmenwissen.de/az/2/7/3/5/6_8.html|None
53773|||Mühlenberger Hof KG|Hennef (Sieg) Stadt|54898|183|02244 3848||Mühlenbergstraße 40|||Landwirtschaft|Mühlenberger Hof KG|http://www.firmenwissen.de/az/firmeneintrag/53773/5030436139/MUEHLENBERGER_HOF_KG.html|None
36469|||MUKULA  Mutterkuhhaltung und Landschaftspflege GmbH|Tiefenort|204360|681|03695 824012||Mühlgasse 22|||Tierzucht und Tierhaltung|MUKULA Mutterkuhhaltung und Landschaftspflege GmbH|http://www.firmenwissen.de/az/firmeneintrag/36469/3210048132/MUKULA_MUTTERKUHHALTUNG_UND_LANDSCHAFTSPFLEGE_GMBH.html|None
4849|||Muldeland Agrar GmbH Bad Düben|Bad Düben Stadt|545000|1817|034243 23049||Eilenburger Str. 12|||Landwirtschaftsbetrieb|Muldeland Agrar GmbH|http://www.firmenwissen.de/az/firmeneintrag/04849/3150071048/MULDELAND_AGRAR_GMBH.html|Muldeland@t-online.de
17495|||GbR Müller Klaus und Peter|Lühmannsdorf|169983|567|038355 71967||Feldstraße 1A|||Fotokopier- und Vervielfältigungsbetriebe|Müller GbR Klaus und Peter|http://www.firmenwissen.de/az/firmeneintrag/58642/4190061419/KLAUS_GUENTHER_KARDELL_UND_PETER_MUELLER_WIEHL_GBR.html|None
27616|||Müller KG|Beverstedt|52270|174|06241 947770||Klosterstraße 13|||Maschinenbauunternehmen|Müller KG, Ehrhard|http://www.firmenwissen.de/az/firmeneintrag/58540/5150001988/BUSCH_MUELLER_KG.html|info@bumm.de
8132|||Mülsener Marktfrucht und Milchgut GmbH|Mülsen|514224|1714|037604 2209||Neuer Weg 5|||Obst- und Gemüsehandel|Mülsener Marktfrucht und Milchgut GmbH|http://www.firmenwissen.de/az/firmeneintrag/08132/3310022489/MUELSENER_MARKTFRUCHT_UND_MILCHGUT_GMBH.html|None
9236|||Multi-Agrar Claußnitz GmbH|Claußnitz|906340|3021|037202 80010||Burgstädter Str. 97B|||Landwirtschaftsbetrieb|Multi-Agrar Claußnitz GmbH|http://www.firmenwissen.de/az/firmeneintrag/09236/3030045639/MULTI_AGRAR_CLAUSSNITZ_GMBH.html|service@multi-agrar.de
7589|||Münchenbernsdorfer Mutterkuh GmbH|Münchenbernsdorf Stadt|94438|315|036604 80920||Großbockaer Str. 1||||Münchenbernsdorfer Mutterkuh GmbH|http://www.firmenwissen.de/az/firmeneintrag/07589/3110061627/MUENCHENBERNSDORFER_MUTTERKUH_GMBH.html|info@agrar-eg.de
15907|||MURI GmbH Lübben -Rinderhaltung-|Lübben (Spreewald) Stadt|352741|1176|03546 2472||An der Bukoitza|||Tierzucht und Tierhaltung|Muri Gmbh-rinderhaltung|https://duckduckgo.com/?q=MURI+GmbH+L%C3%BCbben+-Rinderhaltung-+site%3Ahttp%3A%2F%2Fwww.firmenwissen.de%2F|None
16818|||MURI Mutterkuh GmbH|Fehrbellin|298938|996|0172 3819725||Am Wald 26||||Muri Mutterkuh GmbH|http://www.firmenwissen.de/az/firmeneintrag/16818/3270020043/MURI_MUTTERKUH_GESELLSCHAFT_MIT_BESCHRAENKTER_HAFTUNG.html|mf-wustrau@t-online.de
16833|||Mutterkuh GmbH Karwesee|Fehrbellin|128985|430|0172 3819725||Am Wald 26||||Muri Mutterkuh GmbH|http://www.firmenwissen.de/az/firmeneintrag/16833/3270039032/MUTTERKUH_GMBH_KARWESEE_LENTZKE.html|ag-lentzke@gmx.de
6686|||Agrar GmbH Muschwitz|Lützen Stadt|44228|147|034441 4186020381||Schmiedegasse 95|||Landesprodukte Großhandel|Muschwitzer Agrar GmbH|http://www.firmenwissen.de/az/firmeneintrag/06686/3130010392/MUSCHWITZER_AGRAR_GMBH.html|deboersnm@t-online.de
9306|||Mutterkuh -  GmbH Naundorf|Erlau|112692|376|03737 49050||Am Lagerhaus 1|||Landwirtschaft|Mutterkuh - GmbH Naundorf|http://www.firmenwissen.de/az/firmeneintrag/09306/3030106643/MUTTERKUH_GMBH_NAUNDORF.html|info@agraset-naundorf.de
99625|||Mutterkuh an der Finne GmbH|Kölleda Stadt|81401|271|03635 49240||Weimarische Str. 1|||Landesprodukte Großhandel|Mutterkuh an der Finne GmbH|http://www.firmenwissen.de/az/firmeneintrag/99625/3450047946/MUTTERKUH_AN_DER_FINNE_GMBH.html|None
9471|||Mutterkuh GmbH  Am Schwarzwassertal /die|Königswalde|112098|374|03733 188070||Geyersdorfer Str. 18|||Tierzucht und Tierhaltung|Mutterkuh GmbH Am Schwarzwassertal|http://www.firmenwissen.de/az/firmeneintrag/09471/3310050791/MUTTERKUH_GMBH_AM_SCHWARZWASSERTAL.html|None
16866|||GmbH Mutterkuh Barenthin|Gumtow|76512|255|033972 40283||Schönermarker Weg 2|||Tierzucht und Tierhaltung|Mutterkuh GmbH Barenthin|http://www.firmenwissen.de/az/firmeneintrag/16866/3270043606/MUTTERKUH_GMBH_BARENTHIN.html|None
17166|||Mutterkuh GmbH Teterow|Teterow Stadt|110165|367|03996 183285||Von-Moltke-Straße 29|||Rinderzüchtereien|Mutterkuh GmbH Teterow|http://www.firmenwissen.de/az/firmeneintrag/17166/3190199940/MUTTERKUH_GMBH_TETEROW.html|lajn@freenet.de
19303|||Mutterkuh GmbH Vielank|Vielank|60034|200|038759 20465||Friedensstraße 29|||Tierzucht und Tierhaltung|Mutterkuh GmbH Vielank|http://www.firmenwissen.de/az/firmeneintrag/19303/3330046964/MUTTERKUH_GMBH_VIELANK.html|info@landerzeuger.de
6493|||Landgut Güntersberge GmbH|Harzgerode Stadt|191068|637|039488 338||Bärenröder Str. 97c OT|||Verwaltungsgesellschaften|Mutterkuh Güntersberge GmbH|http://www.firmenwissen.de/az/firmeneintrag/06493/3370008092/LANDGUT_GUENTERSBERGE_GMBH.html|jutta.kalt@portal-rind.de
3238|||Landw.GmbH Finsterwalde|Finsterwalde Stadt|442088|1474|03531 50100||Dorfstraße 30|||Landwirtschaftsbetrieb|Mutterkuh-Agrar-GmbH|http://www.firmenwissen.de/az/firmeneintrag/03238/3050064370/WOHNLAND_GMBH.html|None
3238|||Mutterkuh-AGRAR-GmbH Lugau Sitz Drößig|Heideland|270262|901|03531 50100||Dorfstraße 30|||Landwirtschaftsbetrieb|Mutterkuh-Agrar-GmbH|http://www.firmenwissen.de/az/firmeneintrag/03238/3050113236/MUTTERKUH_AGRAR_GMBH_LUGAU_SITZ_DROESSIG.html|necz@lawi-fiwa.de
17039|||Mutterkuhhaltung Chemnitz GmbH|Blankenhof|91694|306|0395 5823167||Gartenstraße 1|||Tierzucht und Tierhaltung|Mutterkuhhaltung Chemnitz GmbH|http://www.firmenwissen.de/az/firmeneintrag/17039/3490024123/MUTTERKUHHALTUNG_CHEMNITZ_GMBH.html|None
99097|||Mutterkuhhaltung Egstedt GmbH|Erfurt Stadt|42547|142|0361 3463830||Fuhrmannsweg 1|||Garten- und Landschaftsbau|Mutterkuhhaltung Egstedt GmbH|http://www.firmenwissen.de/az/firmeneintrag/99102/3090095223/MUTTERKUHHALTUNG_EGSTEDT_GMBH.html|E.Zeuner@t-online.de
4932|||Mutterkuhhaltung - GbR|Röderland|198455|662|039885 2225||Kreuzkruger Str. 21|||Landwirtschaftsbetrieb|Mutterkuhhaltung GbR|http://www.firmenwissen.de/az/firmeneintrag/14715/3270063265/HANS_JUERGEN_REISER_UND_ANDY_REISER_GBR_MUTTERKUHHALTUNG.html|None
39615|||Mutterkuhhaltung GmbH Groß Garz|Seehausen (Altmark) Hansestadt|113160|377|039398 216||Hauptstraße 64||||Mutterkuhhaltung GmbH|http://www.firmenwissen.de/az/firmeneintrag/39619/3350023658/MUTTERKUHHALTUNG_GMBH_GROSS_GARZ.html|None
15345|||Mutterkuhhaltung Remplin GmbH|Malchin Stadt|73165|244|03341 476550||Lindenallee 25|||Rinderzüchtereien|Mutterkuhhaltung Remplin GmbH|http://www.firmenwissen.de/az/firmeneintrag/17139/3490105017/MUTTERKUHHALTUNG_REMPLIN_GMBH.html|None
18513|||MVA Nehringen GmbH|Ivenack|70743|236|038334 66608||Nehringen 1|||Landwirtschaft|MVA Nehringen GmbH|http://www.firmenwissen.de/az/firmeneintrag/18513/3190313579/MVA_NEHRINGEN_GMBH.html|None
17329|||Nadrenseer Agrar  GmbH & Co.KG|Nadrensee|584410|1948|039746 20242||Dorfstraße 9|||LKW-Spedition|Nadrenseer Agrar GmbH & Co. KG|http://www.firmenwissen.de/az/firmeneintrag/17329/3490015748/NADRENSEER_AGRAR_GMBH_CO_KG.html|None
15366|||NAG Neuenhagener Agrar- u. Landschaftspflegegesell. mbH|Neuenhagen bei Berlin|146139|487|03342 207428||Am Krankenhaus 9|||Landwirtschaft|NAG Neuenhagener Agrar- und Landschaftspflegegesellschaft mbH|https://duckduckgo.com/?q=NAG+Neuenhagener+Agrar-+u.+Landschaftspflegegesell.+mbH+site%3Ahttp%3A%2F%2Fwww.firmenwissen.de%2F|None
27638|||Nagelfeld KG|Wremen|223642|745|04705 794||Wremer Specken 1||||Nagelfeld KG|http://www.firmenwissen.de/az/firmeneintrag/27639/2350117511/NAGELFELD_KG.html|None
19399|||Natur-Rinderproduktions GmbH Dobbertin|Dobbertin|62801|209|038736 42410||Schulstraße 17|||Landwirtschaft|Natur-Rinderproduktions GmbH Dobbertin|http://www.firmenwissen.de/az/firmeneintrag/19399/3330037029/NATUR_RINDERPRODUKTIONS_GMBH_DOBBERTIN.html|None
14715|||NATURA Agrar GmbH|Märkisch Luch|379314|1264|033876 40240||Weg am Teich 1|||Landwirtschaftliche Produkte Einzelhandel|Natura Agrar GmbH Barnewitz|http://www.firmenwissen.de/az/firmeneintrag/14715/3270004990/NATURA_AGRAR_GMBH_BARNEWITZ.html|None
31319|||NATURENO Agrar GmbH & Co. KG|Sehnde Stadt|188155|627|05138 606740||Vorwerk Neuloh 1|||Landwirtschaftsbetrieb|NATURENO Verwaltungs- und Beteiligungsgesellschaft mbH|http://www.firmenwissen.de/az/firmeneintrag/31319/2190503636/NATURENO_AGRAR_GMBH_CO_KG.html|Block-Grupe@natureno.de
15754|||Naturhof Heidesee GmbH & Co.KG|Heidesee|180271|601|033767 899681||Weg zur Mühle 2a|||Landwirtschaftliche Produkte Großhandel|Naturhof Heidesee GmbH & Co KG|http://www.firmenwissen.de/az/firmeneintrag/15754/2011751562/NATURHOF_HEIDESEE_GMBH_CO_KG.html|a_conring@hotmail.com
19273|||Naturprodukte Krusendorf GmbH|Amt Neuhaus|74414|248|038841 21840||Stiepelser Str.|||Tierzucht und Tierhaltung|Naturprodukte GmbH Krusendorf|http://www.firmenwissen.de/az/firmeneintrag/19273/3330104680/NATURPRODUKTE_GMBH.html|None
17268|||Naturrind GmbH Böckenberg|Gerswalde|149903|500|039887 394||Ort Böckenberg 31|||Landwirtschaftsbetrieb|Naturrind GmbH Böckenberg|http://www.firmenwissen.de/az/firmeneintrag/17268/3490046459/NATURRIND_GMBH_BOECKENBERG.html|schult_aevg@web.de
7381|||GbR Naturrind Orlatal|Langenorla|215071|717|03647 418190||Schweinitzer Weg 6|||Animal Breeding And Keeping|Naturrind Orlatal GbR|http://www.firmenwissen.de/az/firmeneintrag/07381/3430023223/UDO_WUNDERLICH_RAINER_WUNDERLICH_GBR_NATURRIND_ORLATAL.html|gbr_naturrind_orlatal@t-online.de
9487|||Naturschutzzentrum Erzgebirge gGmbH /die|Schlettau Stadt|70652|236|03733 56290||Am Sauwald 1|||Naturschutz|Naturschutzzentrum Erzgebirge gGmbH|http://www.firmenwissen.de/az/firmeneintrag/09487/3310056758/NATURSCHUTZZENTRUM_ERZGEBIRGE_GEMEINNUETZIGE_GMBH.html|zentrale@naturschutzzentrum-erzgebirge.de
58509|||Naturschutzzentr. Märk.Kreis Landschaftspfl. gGmbH|Lüdenscheid Stadt|72291|241|02351 4324240||Grebbecker Weg 3|||Verband, Verein oder Organisation|Naturschutzzentrum Märkischer Kreis Landschaftspflege gemeinnützige GmbH|https://duckduckgo.com/?q=Naturschutzzentr.+M%C3%A4rk.Kreis+Landschaftspfl.+gGmbH+site%3Ahttp%3A%2F%2Fwww.firmenwissen.de%2F|None
27446|||Naturstrom Burfeind GmbH & Co. KG|Deinstedt|55123|184|04284 1200||Dorfstraße 2|||Biogasanlagen und -gewinnung|Naturstrom Burfeind GmbH & Co. KG|http://www.firmenwissen.de/az/firmeneintrag/27446/2350111761/NATURSTROM_BURFEIND_GMBH_CO_KG.html|info@naturstromgmbh.de
4617|||Naundorfer Agrargenossenschaft eG|Starkenberg|239768|799|03448 3470||Kostitzer Str. 3|||Landwirtschaftliche Produkte Einzelhandel|Naundorfer Agrargenossenschaft e.G.|http://www.firmenwissen.de/az/firmeneintrag/04617/3110038823/NAUNDORFER_AGRARGENOSSENSCHAFT_EG.html|just.th@web.de
19357|||Nebeliner  Agrar -  GmbH|Karstädt|140400|468|038797 918860||Putlitzer Str. 14E|||Landwirtschaft|Nebeliner Agrar-GmbH|http://www.firmenwissen.de/az/firmeneintrag/19357/3330009953/NEBELINER_AGRAR_GMBH.html|None
29683|||Neddenriep KG|Bad Fallingbostel Stadt|43909|146|05163 91303||Riepe 9|||Landwirtschaft|Neddenriep KG|http://www.firmenwissen.de/az/firmeneintrag/29683/2050705198/NEDDENRIEP_KG.html|None
19294|||Neu Kalißer Mutterkuh GmbH|Neu Kaliß|140159|467|038758 26286||Ernst-Thälmann-Straße 3|||Dienstleistungen|Neu Kalißer GT GmbH|http://www.firmenwissen.de/az/firmeneintrag/19294/3330014813/NEU_KALISSER_MUTTERKUH_GMBH.html|None
17099|||Neue Salower landwirt. GmbH & Co. KG|Datzetal|67327|224|039601 20502||Rogaer Weg 6||||Neue Salower Landwirtschaft- liche GmbH & Co. KG|http://www.firmenwissen.de/az/firmeneintrag/48653/4250578866/ARGE_ELEKTRO_MOENNIG_GMBH_CO_KG_PAPE_BOEHM_GMBH_CO_KG.html|None
19230|||Neuenroder Land- und Tier GmbH|Lübtheen Stadt|271679|906|038856 3780||Am Pk.|||Landesprodukte Großhandel|Neuenroder Land- und Tier GmbH|http://www.firmenwissen.de/az/firmeneintrag/19230/3330038041/NEUENRODER_LAND_UND_TIER_GMBH.html|None
16775|||KFL Agrar & Dienste GmbH|Großwoltersdorf|248691|829|033082 50325||Granseer Str. 69|||Landwirtschaft|NEUGRO Landwirtschaft & Dienste GmbH|http://www.firmenwissen.de/az/firmeneintrag/16775/2010775243/KFL_AGRAR_DIENSTE_GMBH_GROSS_WOLTERSDORF.html|None
16559|||Neuholl. Fleischrind GmbH|Liebenwalde Stadt|220536|735|033054 60280||Liebenberger Damm 1|||Metzgerei|Neuholländer Fleischrind GmbH|https://duckduckgo.com/?q=Neuholl.+Fleischrind+GmbH+site%3Ahttp%3A%2F%2Fwww.firmenwissen.de%2F|None
16515|||NGH Agrar GmbH & Co. Agrargesellsch. Nonnendorf KG|Niederer Fläming|275495|918|033744 60304||Hauptstraße 11|||Landwirtschaftsbetrieb|NGH Agrar Nonnendorf GmbH|http://www.firmenwissen.de/az/firmeneintrag/14913/2011426747/NGH_AGRAR_NONNENDORF_GMBH.html|None
16515|||NGH Agrar GmbH & Co. Agrargesells.  Hohenseefeld KG|Niederer Fläming|162936|543|033744 60304||Hauptstraße 11|||Landwirtschaftsbetrieb|NGH Agrar Nonnendorf GmbH|http://www.firmenwissen.de/az/firmeneintrag/14913/2011467121/NGH_AGRAR_HOHENSEEFELD_GMBH.html|None
99955|||Nicklas' Hof GbR|Herbsleben|144434|481|036041 3970||Gebeseer Str. 30|||Landwirtschaftsbetrieb|Nicklas'Hof Landwirtschaftsbetrieb u. Spargelhof|http://www.firmenwissen.de/az/5/3/5/4/7_2.html|None
2791|||Niederoderwitz Agrar GmbH|Oderwitz|254776|849|035842 25385||Spitzkunnersdorfer Str. 8|||Biogasanlagen und -gewinnung|Niederoderwitz Agrar GmbH|http://www.firmenwissen.de/az/firmeneintrag/02791/3390102932/NIEDERODERWITZ_AGRAR_GMBH.html|niederoderwitz_agrar@gmx.de
7570|||Niederpöllnitzer Mutterkuh GmbH|Harth-Pöllnitz|106398|355|036607 5100||Pappelallee 7|||Landwirtschaftsbetrieb|Niederpöllnitzer Mutterkuh GmbH|http://www.firmenwissen.de/az/firmeneintrag/07570/3110055686/NIEDERPOELLNITZER_MUTTERKUH_GMBH.html|None
27243|||Niedersächsische Rasenkulturen Nira GmbH & Co. KG|Groß Ippener|54373|181|04224 92140||Annenstraße 3|||Gartencenter|Niedersächsische Rasenkulturen NIRA GmbH & Co. KG|http://www.firmenwissen.de/az/firmeneintrag/27243/2050700718/NIEDERSAECHSISCHE_RASENKULTUREN_NIRA_GMBH_CO_KG.html|info@xeroflor.de
37586|||Nds. Hengstaufzuchtgestüt|Dassel Stadt|149544|498|05564 8216||Gestütstraße 10|||Tierzucht und Tierhaltung|Niedersächsisches Hengstaufzuchtgestüt|http://www.firmenwissen.de/az/firmeneintrag/30175/2190642955/FOETEV_NDS_FOEDERATION_TUERKISCHER_ELTERNVEREINE_IN_NIEDERSACHSEN_E_V.html|None
2943|||Niederschlesische Agrargenossenschaft Reichwalde e.G.|Boxberg/O.L.|345451|1152|035774 30932||Alte Bautzener Str.|||Landwirtschaftliche Produkte Einzelhandel|Niederschlesische Agrargenossenschaft e.G.|http://www.firmenwissen.de/az/firmeneintrag/02943/3050016992/NIEDERSCHLESISCHE_AGRARGENOSSENSCHAFT_REICHWALDE_EG.html|None
7919|||GbR Hof Nieghorn|Pausa-Mühltroff Stadt|80929|270|036645 35448||Vogtlandstraße 76|||Landwirtschaftliche Produkte Einzelhandel|Nieghorn Hof GbR|http://www.firmenwissen.de/az/firmeneintrag/07919/3110082268/BERNHARD_NIEGHORN_STEV_NIEGHORN_HOLGER_NIEGHORN.html|None
6429|||Nienburger Agrargen. e.G.|Nienburg (Saale) Stadt|132129|440|034721 21330||Hauptstraße 32|||Landwirtschaftliche Produkte Einzelhandel|Nienburger Agrargenossenschaft e.G.|https://duckduckgo.com/?q=Nienburger+Agrargen.+e.G.+site%3Ahttp%3A%2F%2Fwww.firmenwissen.de%2F|None
19294|||Niendorfer Landerzeugergesellschaft mbH|Grebs-Niendorf|304472|1015|038750 20335||Lindenstraße 50|||Landwirtschaftliche Produkte Einzelhandel|Niendorfer Landerzeugergesellschaft mbH|http://www.firmenwissen.de/az/firmeneintrag/19294/3330010145/NIENDORFER_LANDERZEUGERGESELLSCHAFT_MBH.html|None
19322|||Nitzow/Theek Öko GbR|Breese|96630|322|03877 69415||Rundling 6|||Fotokopier- und Vervielfältigungsbetriebe|Nitzow & Theek GbR|https://duckduckgo.com/?q=Nitzow%2FTheek+%C3%96ko+GbR+site%3Ahttp%3A%2F%2Fwww.firmenwissen.de%2F|None
19322|||GbR Nitzow/Theek|Breese|48247|161|03877 69415||Rundling 6|||Fotokopier- und Vervielfältigungsbetriebe|Nitzow & Theek GbR|http://www.firmenwissen.de/az/firmeneintrag/19322/3330033692/KARSTEN_NITZOW_UND_BIRGIT_THEEK_LANDWIRTSCHAFT.html|None
4668|||NM - Nerchau-Mutzschener Agrar- und Service GmbH|Grimma Stadt|464720|1549|034385 51435||Bahnhofstraße 69|||Saatgutanbieter|NM-Nerchau-Mutzschener Agrar und Service GmbH|http://www.firmenwissen.de/az/firmeneintrag/04668/3150191620/NM_NERCHAU_MUTZSCHENER_AGRAR_UND_SERVICE_GMBH.html|nm.agrar@t-online.de
19372|||Agrar-Produkte  eG Spornitz|Spornitz|1993327|6644|None||No Address|||No Business Description|No Business Name|http://www.firmenwissen.de/az/firmeneintrag/19372/3330011766/AGRAR_PRODUKTE_EG_SPORNITZ.html|mail@argrar-spornitz.de
36419|||Agrargenossenschaft Rhönperle eG Bremen|Geisa Stadt|1595755|5319|None||No Address|||No Business Description|No Business Name|http://www.firmenwissen.de/az/firmeneintrag/36419/3210001941/AGRARGENOSSENSCHAFT_RHOENPERLE_EG_BREMEN.html|info@ag-kano.de
9306|||Agraset-Agrargenossenschaft eG Naundorf|Erlau|1463222|4877|None||No Address|||No Business Description|No Business Name|http://www.firmenwissen.de/az/firmeneintrag/09306/3030012816/AGRASET_AGRARGENOSSENSCHAFT_EG_NAUNDORF_BEI_ROCHLITZ.html|None
6536|||AgrarGen.-Harzerland- eG.|Südharz|992716|3309|None||No Address|||No Business Description|No Business Name|https://duckduckgo.com/?q=AgrarGen.-Harzerland-+eG.+site%3Ahttp%3A%2F%2Fwww.firmenwissen.de%2F|None
15295|||Bauerngesellschaft Ziltendorfer Niederung GbR|Wiesenau|982197|3274|None||No Address|||No Business Description|No Business Name|http://www.firmenwissen.de/az/firmeneintrag/15295/3250030990/BAUERNGESELLSCHAFT_ZILTENDORFER_NIEDERUNG_GBR.html|Bauerngesellschaft.Wiesenau@lycos.de
6556|||Agrarproduktion-und Handels GmbH|Kalbsrieth|949349|3164|None||No Address|||No Business Description|No Business Name|http://www.firmenwissen.de/az/firmeneintrag/16278/3250006778/GUT_AGRARPRODUKTION_UND_HANDELS_GMBH_WILMERSDORF.html|None
9661|||Agrargenossenschaft Hainichen/Pappendorf e.G.|Hainichen Stadt|934386|3115|None||No Address|||No Business Description|No Business Name|http://www.firmenwissen.de/az/firmeneintrag/02779/3390006757/AGRARGENOSSENSCHAFT_E_G_HAINEWALDE_GROSSSCHOENAU.html|riedel@agrar-eg-hainewalde.de
14558|||agro Saarmund e.G.|Nuthetal|919941|3066|None||No Address|||No Business Description|No Business Name|http://www.firmenwissen.de/az/firmeneintrag/14558/2010398490/AGRO_SAARMUND_EG.html|None
29410|||AEG eG Pretzier|Salzwedel Hansestadt|885823|2953|None||No Address|||No Business Description|No Business Name|http://www.firmenwissen.de/az/firmeneintrag/8048/1406574885/AEG_HAUSGERAETE_AG.html|None
85586|||Landesanstalt für Landwirtschaft|Poing|842502|2808|None||No Address|||No Business Description|No Business Name|http://www.firmenwissen.de/az/firmeneintrag/98596/3210123731/ADOLF_ROBUS_LANDWIRTSCHAFTSBETRIEB.html|adolf_robus@finnhuette-am-rennsteig.de
7778|||Gönnatal-agrar eG|Lehesten|841122|2804|None||No Address|||No Business Description|No Business Name|http://www.firmenwissen.de/az/firmeneintrag/07778/3410001585/GOENNATAL_AGRAR_EG.html|Goennatal-agrar@t-online.de
19089|||Agrargenossenschaft Crivitz e.G.|Crivitz Stadt|836003|2787|None||No Address|||No Business Description|No Business Name|http://www.firmenwissen.de/az/firmeneintrag/19089/3330002003/AGRARGENOSSENSCHAFT_CRIVITZ_E_G.html|None
15749|||Märk.Agrargenossenschaft e.G. (MAG)|Mittenwalde Stadt|825666|2752|None||No Address|||No Business Description|No Business Name|https://duckduckgo.com/?q=M%C3%A4rk.Agrargenossenschaft+e.G.+%28MAG%29+site%3Ahttp%3A%2F%2Fwww.firmenwissen.de%2F|None
6429|||Pflanzenbau-Gen. e.G. Bernburg-Nord|Nienburg (Saale) Stadt|823356|2745|None||No Address|||No Business Description|No Business Name|http://www.firmenwissen.de/az/firmeneintrag/38895/3370053959/PFLANZENBAU_LANGENSTEIN_GMBH_CO_KG.html|kontakt@pflanzenbau-langenstein.de
6901|||LWB Selbitz e. G.|Kemberg Stadt|821761|2739|None||No Address|||No Business Description|No Business Name|https://duckduckgo.com/?q=LWB+Selbitz+e.+G.+site%3Ahttp%3A%2F%2Fwww.firmenwissen.de%2F|None
36433|||Agrargenossenschaft Moorgrund e.G.|Moorgrund|814028|2713|None||No Address|||No Business Description|No Business Name|http://www.firmenwissen.de/az/firmeneintrag/36433/3210026449/AGRARGENOSSENSCHAFT_MOORGRUND_E_G.html|info@ag-moorgrund-eg.de
9337|||Agrargenossenschaft Lungwitztal e. G.|Bernsdorf|802106|2674|None||No Address|||No Business Description|No Business Name|http://www.firmenwissen.de/az/firmeneintrag/09337/3310004006/AGRARGENOSSENSCHAFT_LUNGWITZTAL_EG.html|verwaltung@agrar-bernsdorf.de
17111|||Böhm - Nordkartoffel Agrarproduktion GmbH & Co. OHG|Hohenmocker|794254|2648|None||No Address|||No Business Description|No Business Name|http://www.firmenwissen.de/az/firmeneintrag/17111/3490014090/BOEHM_NORDKARTOFFEL_AGRARPRODUKTION_GMBH_CO_OHG.html|sborgwald@bna-kartoffel.de
6895|||AG Mühlanger e.G.|Zahna-Elster Stadt|729825|2433|None||No Address|||No Business Description|No Business Name|http://www.firmenwissen.de/az/7/0/7/7/1_20.html|None
99880|||Landwirtschaftliches  Zentrum 'Hörseltal' e.G.|Hörsel|724861|2416|None||No Address|||No Business Description|No Business Name|http://www.firmenwissen.de/az/firmeneintrag/99880/3230014877/LANDWIRTSCHAFTLICHES_ZENTRUM_HOERSELTAL_E_G.html|info@lzmechterstaedt.de
6686|||ADG Lützen- Dölzig mbH|Lützen Stadt|716114|2387|None||No Address|||No Business Description|No Business Name|http://www.firmenwissen.de/az/firmeneintrag/06686/3130006800/AGRAR_UND_DIENSTLEISTUNGSGESELLSCHAFT_LUETZEN_DOELZIG_MBH.html|None
15806|||Agrargenossenschaft eG Glienick / Groß Schulzendorf|Zossen Stadt|713046|2377|None||No Address|||No Business Description|No Business Name|https://duckduckgo.com/?q=Agrargenossenschaft+eG+Glienick+%2F+Gro%C3%9F+Schulzendorf+site%3Ahttp%3A%2F%2Fwww.firmenwissen.de%2F|None
39326|||DAWA Agrar GmbH & Co. KG|Niedere Börde|707956|2360|None||No Address|||No Business Description|No Business Name|http://www.firmenwissen.de/az/firmeneintrag/39326/3170024325/DAWA_AGRAR_GMBH_CO_KG.html|info@dawa-agrar.de
4319|||Gut Engelsdorf Agrarprodukte GmbH|Leipzig Stadt|693085|2310|None||No Address|||No Business Description|No Business Name|http://www.firmenwissen.de/az/firmeneintrag/04319/3150107723/GUT_ENGELSDORF_AGRARPRODUKTE_GMBH.html|info@gruma-agrar.de
17349|||AG Burg Stargard mbH|Burg Stargard Stadt|691830|2306|None||No Address|||No Business Description|No Business Name|https://duckduckgo.com/?q=AG+Burg+Stargard+mbH+site%3Ahttp%3A%2F%2Fwww.firmenwissen.de%2F|None
17309|||Marktfrucht GbR Rollwitz|Rollwitz|683437|2278|None||No Address|||No Business Description|No Business Name|http://www.firmenwissen.de/az/firmeneintrag/17309/3490096216/FRIEDRICH_DRECHSLER_BAHNE_HANSEN_UND_DR_JUERGEN_OHLS_MARKTFRUCHT.html|None
17349|||Saatzucht Steinach GmbH & Co K|Lindetal|680766|2269|None||No Address|||No Business Description|No Business Name|http://www.firmenwissen.de/az/firmeneintrag/94377/8230022748/SAATZUCHT_STEINACH_GMBH_CO_KG.html|info@saatzucht.de
16775|||Wentowsee Agrar u.TZ GmbH|Gransee Stadt|680167|2267|None||No Address|||No Business Description|No Business Name|http://www.firmenwissen.de/az/firmeneintrag/24357/2230210400/BALTIC_AGRAR_GMBH_CO_KG.html|None
1594|||Agrargenossenschaft Riesa e.G.|Riesa Stadt|672422|2241|None||No Address|||No Business Description|No Business Name|http://www.firmenwissen.de/az/firmeneintrag/01594/3070037441/AGRARGENOSSENSCHAFT_RIESA_E_G.html|None
37345|||Agrargenossenschaft Am Ohmberg eG|Am Ohmberg|650740|2169|None||No Address|||No Business Description|No Business Name|http://www.firmenwissen.de/az/firmeneintrag/37345/3230014175/AGRARGENOSSENSCHAFT_AM_OHMBERG_EG.html|info@das-beste-vom-lan.de
99887|||Amber-Bäuerliche Aktiengesellschaft|Hohenkirchen|649495|2165|None||No Address|||No Business Description|No Business Name|http://www.firmenwissen.de/az/firmeneintrag/99887/3230022791/AMBER_BAEUERLICHE_AKTIENGESELLSCHAFT.html|info@amber-ag.de
17390|||Agrargesellschaft Klein Bünzow mbH|Klein Bünzow|647780|2159|None||No Address|||No Business Description|No Business Name|http://www.firmenwissen.de/az/firmeneintrag/17390/3490147972/AGRARGESELLSCHAFT_KLEIN_BUENZOW_MBH.html|None
9432|||Agrar GmbH Zschopautal /die|Großolbersdorf|647619|2159|None||No Address|||No Business Description|No Business Name|http://www.firmenwissen.de/az/firmeneintrag/09432/3030061624/AGRAR_GMBH_ZSCHOPAUTAL.html|zschopautal@bauernland-ag.de
9337|||Agrargenossenschaft Langenchursdorf eG|Callenberg|645038|2150|None||No Address|||No Business Description|No Business Name|http://www.firmenwissen.de/az/firmeneintrag/09337/3310004333/AGRARGENOSSENSCHAFT_LANGENCHURSDORF_EG.html|info@aglangenchursdorf.de
4736|||Knobelsdorfer Agrarprodukt GmbH & Co.KG vertr. d. Knobelsd. Agrarpr. Verw.-gesellsch. mbH vertr. durch den|Waldheim Stadt|643856|2146|None||No Address|||No Business Description|No Business Name|https://duckduckgo.com/?q=Knobelsdorfer+Agrarprodukt+GmbH+%26+Co.KG+vertr.+d.+Knobelsd.+Agrarpr.+Verw.-gesellsch.+mbH+vertr.+durch+den+site%3Ahttp%3A%2F%2Fwww.firmenwissen.de%2F|None
1896|||Lichtenberger Agrar GmbH & Co.KGGmbH-Geschäftsführung|Lichtenberg|633984|2113|None||No Address|||No Business Description|No Business Name|http://www.firmenwissen.de/az/firmeneintrag/01896/3070060893/LICHTENBERGER_AGRAR_GMBH_CO_KG.html|Lichtenbagrar@web.de
37574|||KWS Landwirtschaft GmbH|Einbeck Stadt|632619|2109|None||No Address|||No Business Description|No Business Name|http://www.firmenwissen.de/az/firmeneintrag/37574/2110048451/KWS_LANDWIRTSCHAFT_GMBH.html|None
38489|||AG eG Jübar|Jübar|627652|2092|None||No Address|||No Business Description|No Business Name|http://www.firmenwissen.de/az/firmeneintrag/3930/1422335482/EG_IMESCH_AG.html|None
19077|||Agrarprodukt GmbH Lübesse|Lübesse|624631|2082|None||No Address|||No Business Description|No Business Name|http://www.firmenwissen.de/az/firmeneintrag/06114/3130378825/AGRARPRODUKT_PARTNER_GMBH.html|gerald@kraemer-beratung.de
8393|||Dennheritzer Agrarproduktions-GmbH & Co. KG Kompl.-GmbHdiese Gesch.führer|Dennheritz|618349|2061|None||No Address|||No Business Description|No Business Name|https://duckduckgo.com/?q=Dennheritzer+Agrarproduktions-GmbH+%26+Co.+KG+Kompl.-GmbHdiese+Gesch.f%C3%BChrer+site%3Ahttp%3A%2F%2Fwww.firmenwissen.de%2F|None
6780|||AG Löberitz e. G.|Zörbig Stadt|616528|2055|None||No Address|||No Business Description|No Business Name|http://www.firmenwissen.de/az/ag_88.html|None
17309|||AGB-Agrargesellschaft Brietzig mbH|Brietzig|611030|2037|None||No Address|||No Business Description|No Business Name|http://www.firmenwissen.de/az/firmeneintrag/17309/3490160245/AGB_AGRARGESELLSCHAFT_BRIETZIG_MBH.html|agrar.brietzig@t-online.de
17153|||Ivenacker Eichen LBG mbH & Co. KG|Ivenack|610146|2034|None||No Address|||No Business Description|No Business Name|http://www.firmenwissen.de/az/firmeneintrag/10719/2010073343/BETA_BETEILIGUNGSGESELLSCHAFT_FUER_WOHNUNGSBAU_MBH_CO_IMMOBILIEN_FONDS_KG.html|None
1561|||Cunnersdorfer Agrar GmbH|Ebersbach|607825|2026|None||No Address|||No Business Description|No Business Name|http://www.firmenwissen.de/az/firmeneintrag/01561/3070055198/CUNNERSDORFER_AGRAR_GMBH.html|None
6925|||Landgut -Dreikirchen- e. G.|Annaburg Stadt|599952|2000|None||No Address|||No Business Description|No Business Name|http://www.firmenwissen.de/az/firmeneintrag/99428/3450004094/LANDGUT_WEIMAR_E_G.html|info@landgutweimareg.de
2953|||PROHAV Halbendorf mbH & Co. Landwirtschafts KG  Prohav Halbendorf mbH diese|Groß Düben|592399|1975|None||No Address|||No Business Description|No Business Name|http://www.firmenwissen.de/az/firmeneintrag/02953/3050007004/PRODUKTIONS_HANDELS_UND_VERMARKTUNGSGESELLSCHAFT_PROHAV_HALBENDORF_MBH_CO_LANDWIRTSCHAFTS_KG.html|kontakt@gefluegelzucht-jaemlitz.de
8606|||Agrargenossenschaft Tirschendorf e.G.|Mühlental|584148|1947|None||No Address|||No Business Description|No Business Name|http://www.firmenwissen.de/az/firmeneintrag/08606/8110030916/AGRARGENOSSENSCHAFT_TIRSCHENDORF_E_G.html|agt-eg@t-online.de
18246|||Agrar Reinstorf e. G.|Klein Belitz|576050|1920|None||No Address|||No Business Description|No Business Name|http://www.firmenwissen.de/az/firmeneintrag/24357/2230210400/BALTIC_AGRAR_GMBH_CO_KG.html|None
19273|||Landwirtschaftsb. Straathof|Amt Neuhaus|570354|1901|None||No Address|||No Business Description|No Business Name|https://duckduckgo.com/?q=Landwirtschaftsb.+Straathof+site%3Ahttp%3A%2F%2Fwww.firmenwissen.de%2F|None
39326|||Ohreland KG -Landwirtschaft-|Niedere Börde|568942|1896|None||No Address|||No Business Description|No Business Name|https://duckduckgo.com/?q=Ohreland+KG+-Landwirtschaft-+site%3Ahttp%3A%2F%2Fwww.firmenwissen.de%2F|None
4435|||GbR Pflanzenproduktion Glesien vertr.d. M.u.S. Bernt H. Bonhorst G. Holschowski|Schkeuditz Stadt|564712|1882|None||No Address|||No Business Description|No Business Name|https://duckduckgo.com/?q=GbR+Pflanzenproduktion+Glesien+vertr.d.+M.u.S.+Bernt+H.+Bonhorst+G.+Holschowski+site%3Ahttp%3A%2F%2Fwww.firmenwissen.de%2F|None
39638|||Agrarprod. Lindstedt e.G.|Gardelegen Hansestadt|562837|1876|None||No Address|||No Business Description|No Business Name|https://duckduckgo.com/?q=Agrarprod.+Lindstedt+e.G.+site%3Ahttp%3A%2F%2Fwww.firmenwissen.de%2F|None
29416|||AG mbH Siedenlangenbeck|Kuhfelde|560519|1868|None||No Address|||No Business Description|No Business Name|http://www.firmenwissen.de/az/firmeneintrag/97082/8310185562/BGG_BAUUEBERWACHUNGSGESELLSCHAFT_MBH_GLEISBAU.html|None
6347|||Gerbstedter Agrar GmbH|Gerbstedt Stadt|556117|1854|None||No Address|||No Business Description|No Business Name|http://www.firmenwissen.de/az/firmeneintrag/06347/3130018112/GERBSTEDTER_AGRAR_GMBH.html|info@agrar-gerbstedt.de
9619|||Agrargenossenschaft Voigtsdorf e.G.|Dorfchemnitz|552778|1843|None||No Address|||No Business Description|No Business Name|http://www.firmenwissen.de/az/firmeneintrag/09619/3030049154/AGRARGENOSSENSCHAFT_VOIGTSDORF_E_G.html|info@agrar-voigtsdorf.de
39517|||Landprod.Tangerland e.G. Lüderitz|Tangerhütte Stadt|550294|1834|None||No Address|||No Business Description|No Business Name|https://duckduckgo.com/?q=Landprod.Tangerland+e.G.+L%C3%BCderitz+site%3Ahttp%3A%2F%2Fwww.firmenwissen.de%2F|None
9128|||Wirtschaftshof Euba eG|Chemnitz Stadt|543750|1813|None||No Address|||No Business Description|No Business Name|http://www.firmenwissen.de/az/firmeneintrag/09235/3030065010/WEIDE_RIND_GMBH.html|None
9661|||Seifersbacher Marktfrucht GmbH|Rossau|543040|1810|None||No Address|||No Business Description|No Business Name|http://www.firmenwissen.de/az/firmeneintrag/09661/3030039455/SEIFERSBACHER_MARKTFRUCHT_GMBH.html|info@land-ag.de
19288|||Agrarprodukte Göhlen e.G.|Göhlen|531402|1771|None||No Address|||No Business Description|No Business Name|http://www.firmenwissen.de/az/firmeneintrag/19288/3330019068/AGRARPRODUKTE_GOEHLEN_EG.html|friel@biogas-goehlen.de
8468|||Agrargenossenschaft eG Reichenbach|Heinsdorfergrund|527178|1757|None||No Address|||No Business Description|No Business Name|http://www.firmenwissen.de/az/firmeneintrag/02894/3390030561/AGRARGENOSSENSCHAFT_REICHENBACH_MENGELSDORF_EG.html|agrar.reichenbach.mg@gmx.de
19309|||Lenzener Wische RZ GmbH|Lenzerwische|526380|1755|None||No Address|||No Business Description|No Business Name|https://duckduckgo.com/?q=Lenzener+Wische+RZ+GmbH+site%3Ahttp%3A%2F%2Fwww.firmenwissen.de%2F|None
18556|||Agrar GmbH & Co. KG W.-Süd|Altenkirchen|525369|1751|None||No Address|||No Business Description|No Business Name|http://www.firmenwissen.de/az/firmeneintrag/18556/3190091505/AGRAR_GESELLSCHAFT_MIT_BESCHRAENKTER_HAFTUNG_CO_KOMMANDITGESELLSCHAFT_WITTOW_SUED.html|agrar_gmbh_wittow_sued@t-online.de
17039|||AG Chemnitz mbH|Blankenhof|525252|1751|None||No Address|||No Business Description|No Business Name|http://www.firmenwissen.de/az/firmeneintrag/09126/3030215742/AG_IN_UND_AUSLAENDER_E_V_CHEMNITZ.html|agiu@agiua.de
15324|||Landwirtschaftsgesellschaft Letschin mbH & Co.KG|Letschin|523168|1744|None||No Address|||No Business Description|No Business Name|http://www.firmenwissen.de/az/firmeneintrag/15324/3250268474/LANDWIRTSCHAFTSGESELLSCHAFT_LETSCHIN_MBH_CO_KG.html|None
39240|||GbR Habuck|Calbe (Saale) Stadt|519709|1732|None||No Address|||No Business Description|No Business Name|http://www.firmenwissen.de/az/firmeneintrag/39240/3170012824/HELMUT_HANK_FRITZ_BUCKENBERGER_GBR.html|None
6386|||Landhof Thurland  e. G.|Südliches Anhalt Stadt|516507|1722|None||No Address|||No Business Description|No Business Name|http://www.firmenwissen.de/az/firmeneintrag/06386/3290001869/LANDHOF_THURLAND_E_G.html|None
6258|||Kreipe Landwirtschafts OHG|Schkopau|514400|1715|None||No Address|||No Business Description|No Business Name|http://www.firmenwissen.de/az/firmeneintrag/06258/3130017735/KREIPE_LANDWIRTSCHAFTS_OHG.html|None
39615|||AG Seehausen e.G.|Seehausen (Altmark) Hansestadt|508788|1696|None||No Address|||No Business Description|No Business Name|http://www.firmenwissen.de/az/firmeneintrag/39606/3350035021/PETER_SCHMIDT_VERMOEGENSBERATUNG.html|peter.schmidt@dvag.de
14823|||Hoher Fläming eG Rädigke-Niemegk|Rabenstein/Fläming|505851|1686|None||No Address|||No Business Description|No Business Name|http://www.firmenwissen.de/az/firmeneintrag/14823/3270021738/HOHER_FLAEMING_EG_RAEDIGKE_NIEMEGK.html|ag.raedigke@gmx.de
15518|||FW Agrarprod. GmbH Beerfelde|Steinhöfel|504829|1683|None||No Address|||No Business Description|No Business Name|https://duckduckgo.com/?q=FW+Agrarprod.+GmbH+Beerfelde+site%3Ahttp%3A%2F%2Fwww.firmenwissen.de%2F|None
1744|||Agrargenossenschaft Reinholdshain e. G.|Dippoldiswalde Stadt|501362|1671|None||No Address|||No Business Description|No Business Name|http://www.firmenwissen.de/az/firmeneintrag/01744/3070023413/AGRARGENOSSENSCHAFT_REINHOLDSHAIN_E_G.html|verwaltung@ag-reinholdshain.de
17392|||Spantekower Agrar Aktiengesellschaft|Spantekow|495316|1651|None||No Address|||No Business Description|No Business Name|http://www.firmenwissen.de/az/firmeneintrag/17392/3490043069/SPANTEKOWER_AGRAR_AKTIENGESELLSCHAFT.html|None
80939|||Landeshauptstadt München|München Landeshauptstadt|494452|1648|None||No Address|||No Business Description|No Business Name|http://www.firmenwissen.de/az/firmeneintrag/81541/8170371660/MUENCHENSTIFT_GMBH_GEMEINNUETZIGE_GESELLSCHAFT_DER_LANDESHAUPTSTADT_WOHNEN_UND_PFLEGEN_IN_DER_STADT.html|info@muenchenstift.de
1665|||AGRO GmbH Burkhardswalde /die|Klipphausen|491944|1640|None||No Address|||No Business Description|No Business Name|http://www.firmenwissen.de/az/firmeneintrag/01665/3070052324/AGRO_GMBH_BURKHARDSWALDE_GESELLSCHAFT_ZUR_ERZEUGUNG_UND_HANDEL_AGRARISCHER_PRODUKTE.html|None
17166|||Versuchsbetrieb Roge GbR|Groß Roge|489929|1633|None||No Address|||No Business Description|No Business Name|http://www.firmenwissen.de/az/firmeneintrag/03050/3050023126/DUBRAU_ROGE_MEDIZINTECHNIK_GMBH.html|info@medizintechnik-dubrau-gypser.de
4626|||Agrargenossenschaft  Altenburger Land Dobitschen e.G.|Altkirchen|477327|1591|None||No Address|||No Business Description|No Business Name|http://www.firmenwissen.de/az/firmeneintrag/04626/3110038438/AGRARGENOSSENSCHAFT_ALTENBURGER_LAND_DOBITSCHEN_EG.html|info@agrar-dobitschen.de
4509|||Landbau Kyhna KGBernd Meinert|Wiedemar|476019|1587|None||No Address|||No Business Description|No Business Name|https://duckduckgo.com/?q=Landbau+Kyhna+KGBernd+Meinert+site%3Ahttp%3A%2F%2Fwww.firmenwissen.de%2F|None
8538|||Kröstauer AGRAR Produktions- und Handels GmbH vertr. durch d.|Weischlitz|473472|1578|None||No Address|||No Business Description|No Business Name|http://www.firmenwissen.de/az/firmeneintrag/24357/2230210400/BALTIC_AGRAR_GMBH_CO_KG.html|None
38486|||Milcherzeugergen. Klötze|Klötze Stadt|473062|1577|None||No Address|||No Business Description|No Business Name|https://duckduckgo.com/?q=Milcherzeugergen.+Kl%C3%B6tze+site%3Ahttp%3A%2F%2Fwww.firmenwissen.de%2F|None
17291|||Agrarwirtschaft Groeben GmbH|Grünow|472337|1574|None||No Address|||No Business Description|No Business Name|http://www.firmenwissen.de/az/firmeneintrag/17291/3490009993/AGRARWIRTSCHAFT_GROEBEN_GMBH.html|None
39387|||Nehring-Isermeyer GbR|Oschersleben (Bode) Stadt|471072|1570|None||No Address|||No Business Description|No Business Name|http://www.firmenwissen.de/az/firmeneintrag/39387/3170021204/DR_WOLFGANG_NEHRING_DR_HARALD_ISERMEYER_GBR_LANDWIRTSCHAFT.html|None
18519|||Agrar GmbH Reinberg & Co. KG|Sundhagen|468827|1563|None||No Address|||No Business Description|No Business Name|http://www.firmenwissen.de/az/firmeneintrag/18519/3190049335/AGRARGESELLSCHAFT_MIT_BESCHRAENKTER_HAFTUNG_REINBERG_CO_KOMMANDITGESELLSCHAFT.html|None
99706|||Landwirtschaftliches Unternehmen e.G.|Sondershausen Stadt|461093|1537|None||No Address|||No Business Description|No Business Name|http://www.firmenwissen.de/az/firmeneintrag/38489/3350005547/LANDWIRTSCHAFTLICHES_UNTERNEHMEN_TANGELN_E_G.html|LU-Tangeln@t-online.de
17291|||Agrarpr. Grünow GmbH & CoKG|Grünow|459739|1532|None||No Address|||No Business Description|No Business Name|https://duckduckgo.com/?q=Agrarpr.+Gr%C3%BCnow+GmbH+%26+CoKG+site%3Ahttp%3A%2F%2Fwww.firmenwissen.de%2F|None
6901|||LWBG G. und I. Lansink GbR|Kemberg Stadt|458355|1528|None||No Address|||No Business Description|No Business Name|http://www.firmenwissen.de/az/is_52.html|None
6925|||Landgut -Heideck- e.G.|Annaburg Stadt|458227|1527|None||No Address|||No Business Description|No Business Name|http://www.firmenwissen.de/az/firmeneintrag/06925/3290031052/LANDGUT_ELBELAND_AXIEN_E_G.html|None
50374|||RWE Power AG|Erftstadt Stadt|452130|1507|None||No Address|||No Business Description|No Business Name|http://www.firmenwissen.de/az/firmeneintrag/45896/4090060222/E_ON_KRAFTWERKE_GMBH_UND_RWE_POWER_AG_KRAFTWERK_BUER_GBR.html|None
4808|||Ackerbau-GbR Falkenhain|Lossatal|450384|1501|None||No Address|||No Business Description|No Business Name|http://www.firmenwissen.de/az/firmeneintrag/04808/3150030434/PETRA_PISSORS_UND_MARCO_PISSORS_GBR_ACKERBAU_FALKENHAIN_GBR.html|ackerbau-Falkenhain@t-online.de
99869|||Landwirtschaftlicher Betrieb Grabsleben GmbH & Co.KG|Drei Gleichen|449392|1498|None||No Address|||No Business Description|No Business Name|http://www.firmenwissen.de/az/firmeneintrag/99869/3230112248/LANDWIRTSCHAFTLICHER_BETRIEB_GRABSLEBEN_GMBH_CO_KG.html|lwbgl@t-online.de
1454|||LU An der Dresdner Heide GmbH & Co. KG vertr.durch die Verwaltungsgesellschaft mbH diese vertr.durch den|Radeberg Stadt|445193|1484|None||No Address|||No Business Description|No Business Name|http://www.firmenwissen.de/erweiterte_suche.html|None
17406|||Agrar GmbH Usedom & Co. KG|Usedom Stadt|441822|1473|None||No Address|||No Business Description|No Business Name|http://www.firmenwissen.de/az/firmeneintrag/17406/3190415227/USEDOMER_HOF_AGRAR_GMBH_CO_KG.html|None
9569|||BEGA Gahlenz e.G.|Oederan Stadt|440601|1469|None||No Address|||No Business Description|No Business Name|http://www.firmenwissen.de/az/firmeneintrag/09569/3030020746/BEGA_BAEUERLICHE_ERZEUGERGENOSSENSCHAFT_GAHLENZ_E_G.html|BEGA-Oe@t-online.de
17153|||LBG mbH Jürgenstorf|Jürgenstorf|439257|1464|None||No Address|||No Business Description|No Business Name|http://www.firmenwissen.de/az/firmeneintrag/17153/3490029130/WAERMEVERSORGUNG_JUERGENSTORF_GMBH.html|info@waerme-stavenhagen.de
14929|||AG -Fläming- e.G.|Treuenbrietzen Stadt|435321|1451|None||No Address|||No Business Description|No Business Name|http://www.firmenwissen.de/az/firmeneintrag/01594/3070037441/AGRARGENOSSENSCHAFT_RIESA_E_G.html|ag-riesa-werner@web.de
29410|||APB Seebenau eG|Salzwedel Hansestadt|432204|1441|None||No Address|||No Business Description|No Business Name|https://duckduckgo.com/?q=APB+Seebenau+eG+site%3Ahttp%3A%2F%2Fwww.firmenwissen.de%2F|None
1744|||SAG Sadisdorfer Agrar AG|Dippoldiswalde Stadt|430592|1435|None||No Address|||No Business Description|No Business Name|http://www.firmenwissen.de/az/firmeneintrag/01744/3070219971/SAG_SADISDORFER_AGRAR_AG.html|agrar-sadisdorf@t-online.de
17337|||Pflanzenbau - Hof Fichtner Wenke Möllhoff|Uckerland|430381|1435|None||No Address|||No Business Description|No Business Name|http://www.firmenwissen.de/az/firmeneintrag/17337/3490025619/WENKKE_MOELLHOFF.html|fichtner-kleisthoehe@t-online.de
18276|||PG Gerdshagen/Lohmen e.G.|Klein Upahl|429890|1433|None||No Address|||No Business Description|No Business Name|https://duckduckgo.com/?q=PG+Gerdshagen%2FLohmen+e.G.+site%3Ahttp%3A%2F%2Fwww.firmenwissen.de%2F|None
17398|||Henrich / Bettin GbR Landwirtschaftsbetrieb|Ducherow|428273|1428|None||No Address|||No Business Description|No Business Name|http://www.firmenwissen.de/az/firmeneintrag/17398/3490035477/ROLAND_HENRICH_UND_GISELA_BETTIN_GBR_LANDWIRTSCHAFT.html|None
39596|||Agrarproduktiv-Gen.Schwarzholz|Hohenberg-Krusemark|428048|1427|None||No Address|||No Business Description|No Business Name|http://www.firmenwissen.de/az/firmeneintrag/39596/3350006127/AGRARPRODUKTIV_GENOSSENSCHAFT_E_G_SCHWARZHOLZ.html|apg.eg.schwarzholz@t-online.de
15926|||Agrarges. Cahnsdorf-Duben GbR|Luckau Stadt|423882|1413|None||No Address|||No Business Description|No Business Name|http://www.firmenwissen.de/az/firmeneintrag/15926/3050043858/AGRARGESELLSCHAFT_GBR_CAHNSDORF_DUBEN.html|agrar-cd@arcor.de
38486|||AG -Jeetzequelle- e.G. Immekath|Klötze Stadt|420621|1402|None||No Address|||No Business Description|No Business Name|https://duckduckgo.com/?q=AG+-Jeetzequelle-+e.G.+Immekath+site%3Ahttp%3A%2F%2Fwww.firmenwissen.de%2F|None
16766|||belafarm Beetzer LW-Gesellschaft mbH|Kremmen Stadt|420185|1401|None||No Address|||No Business Description|No Business Name|https://duckduckgo.com/?q=belafarm+Beetzer+LW-Gesellschaft+mbH+site%3Ahttp%3A%2F%2Fwww.firmenwissen.de%2F|None
17089|||Landgut Grapzow Weinreich/Grabowski GbR|Grapzow|420105|1400|None||No Address|||No Business Description|No Business Name|http://www.firmenwissen.de/az/firmeneintrag/17089/3490006480/FRANK_WEINREICH_UND_LUTZ_GRABOWSKI_LANDGUT_GRAPZOW.html|Landgut-Grapzow@t-online.de
14715|||AG Gülpe e.G.|Havelaue|415630|1385|None||No Address|||No Business Description|No Business Name|http://www.firmenwissen.de/az/firmeneintrag/8200/1420927818/EVALUESERVE_AG.html|info@jfag.ch
17209|||Agrargenossenschaft e.G.Massow -Grabow|Massow|413818|1379|None||No Address|||No Business Description|No Business Name|https://duckduckgo.com/?q=Agrargenossenschaft+e.G.Massow+-Grabow+site%3Ahttp%3A%2F%2Fwww.firmenwissen.de%2F|None
4886|||GbR Görlich/ErdmannUdo Görlich und Marianne Erdmann|Beilrode|409738|1366|None||No Address|||No Business Description|No Business Name|https://duckduckgo.com/?q=GbR+G%C3%B6rlich%2FErdmannUdo+G%C3%B6rlich+und+Marianne+Erdmann+site%3Ahttp%3A%2F%2Fwww.firmenwissen.de%2F|None
6386|||Weißandt-Gölzauer Agrar AG|Südliches Anhalt Stadt|409434|1365|None||No Address|||No Business Description|No Business Name|https://duckduckgo.com/?q=Wei%C3%9Fandt-G%C3%B6lzauer+Agrar+AG+site%3Ahttp%3A%2F%2Fwww.firmenwissen.de%2F|None
14778|||Brielower Agrar-GmbH|Beetzsee|407651|1359|None||No Address|||No Business Description|No Business Name|http://www.firmenwissen.de/az/firmeneintrag/24357/2230210400/BALTIC_AGRAR_GMBH_CO_KG.html|None
17309|||Produktivgenossenschaft Schönwalde e.G.|Schönwalde|406418|1355|None||No Address|||No Business Description|No Business Name|https://duckduckgo.com/?q=Produktivgenossenschaft+Sch%C3%B6nwalde+e.G.+site%3Ahttp%3A%2F%2Fwww.firmenwissen.de%2F|None
17121|||Görminer LB GmbH & Co.KG Peenetal|Görmin|403478|1345|None||No Address|||No Business Description|No Business Name|http://www.firmenwissen.de/az/firmeneintrag/31177/2210115345/SCHLOTE_GMBH_CO_KG.html|info@schlote.com
7619|||GbR Wetzdorf|Schkölen Stadt|399201|1331|None||No Address|||No Business Description|No Business Name|https://duckduckgo.com/?q=GbR+Wetzdorf+site%3Ahttp%3A%2F%2Fwww.firmenwissen.de%2F|None
6780|||AG Zörbig e. G.|Zörbig Stadt|398824|1329|None||No Address|||No Business Description|No Business Name|http://www.firmenwissen.de/az/firmeneintrag/90763/8190760391/GGP_METALPOWDER_AG.html|info@ggp-metal.com
4774|||Landgut Börln GbRHerrn Karl-Hermann Stein|Dahlen Stadt|397185|1324|None||No Address|||No Business Description|No Business Name|https://duckduckgo.com/?q=Landgut+B%C3%B6rln+GbRHerrn+Karl-Hermann+Stein+site%3Ahttp%3A%2F%2Fwww.firmenwissen.de%2F|None
39397|||Freikreuz GbR|Kroppenstedt Stadt|396670|1322|None||No Address|||No Business Description|No Business Name|https://duckduckgo.com/?q=Freikreuz+GbR+site%3Ahttp%3A%2F%2Fwww.firmenwissen.de%2F|None
1796|||Agrar-Produktivgenossenschaft Pirna-Cotta e. G.|Pirna Stadt|395566|1319|None||No Address|||No Business Description|No Business Name|https://duckduckgo.com/?q=Agrar-Produktivgenossenschaft+Pirna-Cotta+e.+G.+site%3Ahttp%3A%2F%2Fwww.firmenwissen.de%2F|None
39307|||Agrarwirt. Demsin  GmbH|Jerichow Stadt|394534|1315|None||No Address|||No Business Description|No Business Name|https://duckduckgo.com/?q=Agrarwirt.+Demsin++GmbH+site%3Ahttp%3A%2F%2Fwww.firmenwissen.de%2F|None
39359|||APG mbH Bösdorf/Lockstedt|Oebisfelde-Weferlingen Stadt|393178|1311|None||No Address|||No Business Description|No Business Name|https://duckduckgo.com/?q=APG+mbH+B%C3%B6sdorf%2FLockstedt+site%3Ahttp%3A%2F%2Fwww.firmenwissen.de%2F|None
23948|||SD Land- und Forstwirtschaft GmbH & Co.KG|Kalkhorst|392896|1310|None||No Address|||No Business Description|No Business Name|http://www.firmenwissen.de/az/firmeneintrag/81679/8170741757/SD_LAND_UND_FORSTWIRTSCHAFT_GMBH_CO_KG.html|None
33617|||Stiftung Bethel Forstverwaltung|Bielefeld Stadt|391939|1306|None||No Address|||No Business Description|No Business Name|https://duckduckgo.com/?q=Stiftung+Bethel+Forstverwaltung+site%3Ahttp%3A%2F%2Fwww.firmenwissen.de%2F|None
3222|||Agrargem. Klein-Radden GmbH & Co. KG|Lübbenau/Spreewald Stadt|391549|1305|None||No Address|||No Business Description|No Business Name|http://www.firmenwissen.de/az/firmeneintrag/24357/2230210400/BALTIC_AGRAR_GMBH_CO_KG.html|None
39524|||AG Kamern eG|Kamern|389246|1297|None||No Address|||No Business Description|No Business Name|http://www.firmenwissen.de/erweiterte_suche.html|None
6295|||Agrar e.G. Polleben-Rottelsdorf|Eisleben Lutherstadt|388405|1295|None||No Address|||No Business Description|No Business Name|https://duckduckgo.com/?q=Agrar+e.G.+Polleben-Rottelsdorf+site%3Ahttp%3A%2F%2Fwww.firmenwissen.de%2F|None
18528|||Graf zu Inn-u. Knyphausen Alvo|Rappin|388242|1294|None||No Address|||No Business Description|No Business Name|https://duckduckgo.com/?q=Graf+zu+Inn-u.+Knyphausen+Alvo+site%3Ahttp%3A%2F%2Fwww.firmenwissen.de%2F|None
2899|||Milchland Schönau GbRHerrn Udo Kretschmer|Schönau-Berzdorf a. d. Eigen|387162|1291|None||No Address|||No Business Description|No Business Name|https://duckduckgo.com/?q=Milchland+Sch%C3%B6nau+GbRHerrn+Udo+Kretschmer+site%3Ahttp%3A%2F%2Fwww.firmenwissen.de%2F|None
18334|||Landw. GmbH Kavelsdorf & Co. KG|Eixen|386449|1288|None||No Address|||No Business Description|No Business Name|http://www.firmenwissen.de/az/firmeneintrag/48653/4250578866/ARGE_ELEKTRO_MOENNIG_GMBH_CO_KG_PAPE_BOEHM_GMBH_CO_KG.html|None
17349|||BG Groß Miltzow|Groß Miltzow|386074|1287|None||No Address|||No Business Description|No Business Name|http://www.firmenwissen.de/manager_az/ba_261.html|None
15848|||Agrargenossenschaft Ranzig e.G.|Tauche|383966|1280|None||No Address|||No Business Description|No Business Name|https://duckduckgo.com/?q=Agrargenossenschaft+Ranzig+e.G.+site%3Ahttp%3A%2F%2Fwww.firmenwissen.de%2F|None
8527|||AHP-Agrarproduktions- und Handels GmbH Plauen vertr. d. d.|Plauen Stadt|383634|1279|None||No Address|||No Business Description|No Business Name|https://duckduckgo.com/?q=AHP-Agrarproduktions-+und+Handels+GmbH+Plauen+vertr.+d.+d.+site%3Ahttp%3A%2F%2Fwww.firmenwissen.de%2F|None
6386|||Quellendorfer Agrar AG|Südliches Anhalt Stadt|383106|1277|None||No Address|||No Business Description|No Business Name|https://duckduckgo.com/?q=Quellendorfer+Agrar+AG+site%3Ahttp%3A%2F%2Fwww.firmenwissen.de%2F|None
16230|||Agrar GmbH Lichterf.-Golzow|Chorin|381957|1273|None||No Address|||No Business Description|No Business Name|http://www.firmenwissen.de/az/firmeneintrag/14778/3270160857/GOLZOWER_AGRAR_GMBH_CO_KG.html|None
17153|||LWB Bredenfelde KG|Bredenfelde|381513|1272|None||No Address|||No Business Description|No Business Name|https://duckduckgo.com/?q=LWB+Bredenfelde+KG+site%3Ahttp%3A%2F%2Fwww.firmenwissen.de%2F|None
16845|||AG Neustadt eG|Neustadt (Dosse) Stadt|379579|1265|None||No Address|||No Business Description|No Business Name|http://www.firmenwissen.de/erweiterte_suche.html|None
14827|||v.S. Gut Schmerwitz GmbH & Co.KG|Wiesenburg/Mark|379322|1264|None||No Address|||No Business Description|No Business Name|http://www.firmenwissen.de/cms/upload/pdf/TOP-10_31000_Herstellung_von_Moebeln.pdf|None
7570|||Agrar Osterland AG & Co.KG Köckritz|Harth-Pöllnitz|379281|1264|None||No Address|||No Business Description|No Business Name|http://www.firmenwissen.de/erweiterte_suche.html|None
18314|||LWB Müller & Mundt GbR|Trinwillershagen|378182|1261|None||No Address|||No Business Description|No Business Name|https://duckduckgo.com/?q=LWB+M%C3%BCller+%26+Mundt+GbR+site%3Ahttp%3A%2F%2Fwww.firmenwissen.de%2F|None
2906|||Jänkendorfer Agrar GmbH|Waldhufen|377492|1258|None||No Address|||No Business Description|No Business Name|http://www.firmenwissen.de/az/firmeneintrag/24357/2230210400/BALTIC_AGRAR_GMBH_CO_KG.html|None
74214|||BG Neuhof GmbH & Co. KG|Schöntal|377188|1257|None||No Address|||No Business Description|No Business Name|http://www.firmenwissen.de/cms/upload/pdf/TOP-10_31000_Herstellung_von_Moebeln.pdf|None
18581|||Landw. Betrieb GmbH Lauterbach & Co.KG|Putbus Stadt|376943|1256|None||No Address|||No Business Description|No Business Name|http://www.firmenwissen.de/az/firmeneintrag/18581/3190331113/LANDWIRTSCHAFTLICHER_BETRIEB_GMBH_LAUTERBACH_CO_KG.html|None
16909|||LPDG Biesen eG|Wittstock/Dosse Stadt|376640|1255|None||No Address|||No Business Description|No Business Name|https://duckduckgo.com/?q=LPDG+Biesen+eG+site%3Ahttp%3A%2F%2Fwww.firmenwissen.de%2F|None
39606|||Landesanstalt für Lw u. Gb Landwirtschaftlicher Betrieb|Iden|375321|1251|None||No Address|||No Business Description|No Business Name|https://duckduckgo.com/?q=Landesanstalt+f%C3%BCr+Lw+u.+Gb+Landwirtschaftlicher+Betrieb+site%3Ahttp%3A%2F%2Fwww.firmenwissen.de%2F|None
4683|||Fuchshainer Agrargesellschaft mbH|Naunhof Stadt|375062|1250|None||No Address|||No Business Description|No Business Name|https://duckduckgo.com/?q=Fuchshainer+Agrargesellschaft+mbH+site%3Ahttp%3A%2F%2Fwww.firmenwissen.de%2F|None
14641|||Genossenschaft Wachower Landw.|Nauen Stadt|374583|1249|None||No Address|||No Business Description|No Business Name|https://duckduckgo.com/?q=Genossenschaft+Wachower+Landw.+site%3Ahttp%3A%2F%2Fwww.firmenwissen.de%2F|None
18510|||Papenhäger Landprodukte GmbH Ringenberg|Papenhagen|372983|1243|None||No Address|||No Business Description|No Business Name|https://duckduckgo.com/?q=Papenh%C3%A4ger+Landprodukte+GmbH+Ringenberg+site%3Ahttp%3A%2F%2Fwww.firmenwissen.de%2F|None
8485|||Marienhöher Milchproduktion Agro Waldkirchen GmbH vertr. d. d.|Lengenfeld Stadt|371579|1239|None||No Address|||No Business Description|No Business Name|https://duckduckgo.com/?q=Marienh%C3%B6her+Milchproduktion+Agro+Waldkirchen+GmbH+vertr.+d.+d.+site%3Ahttp%3A%2F%2Fwww.firmenwissen.de%2F|None
19309|||Naturprodukte Kietz GmbH|Lenzerwische|369962|1233|None||No Address|||No Business Description|No Business Name|https://duckduckgo.com/?q=Naturprodukte+Kietz+GmbH+site%3Ahttp%3A%2F%2Fwww.firmenwissen.de%2F|None
9661|||Agrargenossenschaft Rossau eG|Rossau|369720|1232|None||No Address|||No Business Description|No Business Name|https://duckduckgo.com/?q=Agrargenossenschaft+Rossau+eG+site%3Ahttp%3A%2F%2Fwww.firmenwissen.de%2F|None
15910|||BPG WARIS GmbH & Co.KG|Schönwald|366506|1222|None||No Address|||No Business Description|No Business Name|http://www.firmenwissen.de/cms/upload/pdf/TOP-10_31000_Herstellung_von_Moebeln.pdf|None
17337|||LBG Wolfshagen mbH|Uckerland|362412|1208|None||No Address|||No Business Description|No Business Name|https://duckduckgo.com/?q=LBG+Wolfshagen+mbH+site%3Ahttp%3A%2F%2Fwww.firmenwissen.de%2F|None
19069|||Graf von Westphalen'sche Gutsverwaltung Böken KG|Alt Meteln|362205|1207|None||No Address|||No Business Description|No Business Name|https://duckduckgo.com/?q=Graf+von+Westphalen%27sche+Gutsverwaltung+B%C3%B6ken+KG+site%3Ahttp%3A%2F%2Fwww.firmenwissen.de%2F|None
4779|||Agrargut Malkwitz KGHerrn Dirk Paulsen|Wermsdorf|361148|1204|None||No Address|||No Business Description|No Business Name|https://duckduckgo.com/?q=Agrargut+Malkwitz+KGHerrn+Dirk+Paulsen+site%3Ahttp%3A%2F%2Fwww.firmenwissen.de%2F|None
39264|||AG Leps mbH|Zerbst/Anhalt Stadt|360414|1201|None||No Address|||No Business Description|No Business Name|http://www.firmenwissen.de/az/zl_2.html|None
16792|||GRÜPA-Hof GbR|Zehdenick Stadt|359375|1198|None||No Address|||No Business Description|No Business Name|http://www.firmenwissen.de/az/ch_131.html|None
99610|||Agra-Milch e.G. Frohndorf/Orlishausen|Sömmerda Stadt|358791|1196|None||No Address|||No Business Description|No Business Name|https://duckduckgo.com/?q=Agra-Milch+e.G.+Frohndorf%2FOrlishausen+site%3Ahttp%3A%2F%2Fwww.firmenwissen.de%2F|None
6905|||AG Meuro eG|Bad Schmiedeberg Stadt|357655|1192|None||No Address|||No Business Description|No Business Name|http://www.firmenwissen.de/erweiterte_suche.html|None
8538|||Agrarproduktion Reuth Sammer & Co KG vertr. durch Herrn Wolfgang Sammer|Reuth|357513|1192|None||No Address|||No Business Description|No Business Name|http://www.firmenwissen.de/az/firmeneintrag/67071/7150001654/GEBRUEDER_WILLERSINN_GMBH_CO_KG.html|verwaltung@gebrueder-willersinn.de
23717|||Brigitte und Detlef Herzog GbR|Kasseedorf|356342|1188|None||No Address|||No Business Description|No Business Name|http://www.firmenwissen.de/az/firmeneintrag/23717/2270039727/DETLEF_BRIGITTE_UND_FALK_CHRISTOPH_HERZOG_GUTSVERWALTUNG_STENDORF_GBR.html|gutsverwaltung@gut-stendorf.de
15236|||Agrargen.Loss.-Gd.e.G.|Frankfurt (Oder) Stadt|355383|1185|None||No Address|||No Business Description|No Business Name|https://duckduckgo.com/?q=Agrargen.Loss.-Gd.e.G.+site%3Ahttp%3A%2F%2Fwww.firmenwissen.de%2F|None
38685|||Proterra GbR|Langelsheim Stadt|354703|1182|None||No Address|||No Business Description|No Business Name|http://www.firmenwissen.de/az/firmeneintrag/38685/2130061973/WEDDE_MEHRDORF_MOELLHOFF_SOECHTING_RUEHE_PROTERRA_GBR.html|wilhelm.wedde@t-online.de
14806|||Prod.gen. Flämingrind eG|Planetal|354411|1181|None||No Address|||No Business Description|No Business Name|https://duckduckgo.com/?q=Prod.gen.+Fl%C3%A4mingrind+eG+site%3Ahttp%3A%2F%2Fwww.firmenwissen.de%2F|None
9328|||Muldental-Agrar-GmbH & CoKG vertr.d. Muldental-Agrar-Verwaltungs-GmbH|Lunzenau Stadt|354293|1181|None||No Address|||No Business Description|No Business Name|http://www.firmenwissen.de/az/0/9/3/2/8_1.html|None
7952|||Agrargenossenschaft Weidagrund e.G.|Pausa-Mühltroff Stadt|353604|1179|None||No Address|||No Business Description|No Business Name|http://www.firmenwissen.de/az/firmeneintrag/07952/3110009540/AGRARGENOSSENSCHAFT_WEIDAGRUND_E_G_UNTERREICHENAU.html|post@agrar-weidagrund.de
16818|||NAWARORA GmbH|Neuruppin Stadt|353459|1178|None||No Address|||No Business Description|No Business Name|http://www.firmenwissen.de/az/firmeneintrag/10243/2012489909/NAVARRA_IS_GMBH.html|contact@navarra-design.com
6895|||AG Leetza e. G.|Zahna-Elster Stadt|351988|1173|None||No Address|||No Business Description|No Business Name|http://www.firmenwissen.de/az/firmeneintrag/8200/1420927818/EVALUESERVE_AG.html|info@jfag.ch
18314|||Landw.gesellschaft Löbnitz mbH|Löbnitz|351758|1173|None||No Address|||No Business Description|No Business Name|http://www.firmenwissen.de/az/firmeneintrag/18314/3190039686/LANDWIRTSCHAFTSGESELLSCHAFT_LOEBNITZ_MBH.html|None
8297|||Zwönitzer Agrargenossenschaft e.G.|Zwönitz Stadt|329205|1097|None||No Address|||No Business Description|No Business Name|http://www.firmenwissen.de/az/firmeneintrag/08297/3310006651/ZWOENITZER_AGRARGENOSSENSCHAFT_E_G.html|agrar-zwoenitz@t-online.de
4509|||Landbau Schenkenberg GbRSieghard Hübner|Delitzsch Stadt|326981|1090|None||No Address|||No Business Description|No Business Name|http://www.firmenwissen.de/az/firmeneintrag/04509/3150071213/LANDBAU_SCHENKENBERG_GBR.html|None
14778|||Gortzer Agrar GmbH|Beetzseeheide|326877|1090|None||No Address|||No Business Description|No Business Name|http://www.firmenwissen.de/az/firmeneintrag/14778/3270003181/GORTZER_AGRAR_GMBH.html|None
17291|||Landboden Parmen Treuhand GmbH|Nordwestuckermark|326118|1087|None||No Address|||No Business Description|No Business Name|http://www.firmenwissen.de/az/firmeneintrag/17291/3490008081/LANDBODEN_PARMEN_TREUHAND_GMBH.html|None
9221|||Techno-Farm GbR vertr.d. Herren Walther Reinhold und Weinhold|Neukirchen/Erzgeb.|324398|1081|None||No Address|||No Business Description|No Business Name|https://duckduckgo.com/?q=Techno-Farm+GbR+vertr.d.+Herren+Walther+Reinhold+und+Weinhold+site%3Ahttp%3A%2F%2Fwww.firmenwissen.de%2F|None
39606|||Agrar GbR Wasmerslage|Osterburg (Altmark) Hansestadt|324321|1081|None||No Address|||No Business Description|No Business Name|http://www.firmenwissen.de/az/firmeneintrag/39606/3350003300/AGRAR_GMBH_WASMERSLAGE_I_L.html|None
17139|||Gutsverwaltung Pinnow/Duckow GbR|Duckow|322707|1076|None||No Address|||No Business Description|No Business Name|http://www.firmenwissen.de/az/firmeneintrag/17139/3490161068/CORNELIA_V_MALTZAHN_U_HANS_ALBRECHT_V_MALTZAHN.html|gutpinnow@t-online.de
24369|||Nordsaat Hülsenhain GmbH|Waabs|322503|1075|None||No Address|||No Business Description|No Business Name|http://www.firmenwissen.de/az/firmeneintrag/24238/2230142010/NORDSAAT_HUELSENHAIN_LANDWIRTSCHAFTLICHE_BETRIEBSGESELLSCHAFT_MBH.html|huelsenhain@gmx.de
99713|||Agrar GmbH Keula|Helbedündorf|321465|1072|None||No Address|||No Business Description|No Business Name|http://www.firmenwissen.de/az/firmeneintrag/99713/3230020239/AGRAR_GMBH_KEULA.html|agk@nordagrar-gruppe.de
15306|||Landwirtschaftsgen. Dolgelin e.G.|Lindendorf|321426|1071|None||No Address|||No Business Description|No Business Name|https://duckduckgo.com/?q=Landwirtschaftsgen.+Dolgelin+e.G.+site%3Ahttp%3A%2F%2Fwww.firmenwissen.de%2F|None
9600|||Agrargenossenschaft Oberschöna/Wegefarth eG|Oberschöna|321230|1071|None||No Address|||No Business Description|No Business Name|https://duckduckgo.com/?q=Agrargenossenschaft+Obersch%C3%B6na%2FWegefarth+eG+site%3Ahttp%3A%2F%2Fwww.firmenwissen.de%2F|None
1945|||Elsterländer Viehhof GmbH|Schwarzbach|321053|1070|None||No Address|||No Business Description|No Business Name|http://www.firmenwissen.de/az/firmeneintrag/01945/3050066928/ELSTERLAENDER_VIEHHOF_GESELLSCHAFT_MIT_BESCHRAENKTER_HAFTUNG.html|None
16307|||Agrar-GmbH  Odertal|Gartz (Oder) Stadt|320983|1070|None||No Address|||No Business Description|No Business Name|http://www.firmenwissen.de/az/firmeneintrag/16307/3250037189/AGRAR_GMBH_ODERTAL_GARTZ_ODER.html|None
18510|||Agrar GmbH Elmenhorst|Elmenhorst|320368|1068|None||No Address|||No Business Description|No Business Name|http://www.firmenwissen.de/az/firmeneintrag/18510/3190013999/AGRARGESELLSCHAFT_MIT_BESCHRAENKTER_HAFTUNG_ELMENHORST.html|None
17237|||Klein Vielener Ölfrucht und Brotgetreide GmbH|Hohenzieritz|319551|1065|None||No Address|||No Business Description|No Business Name|http://www.firmenwissen.de/az/firmeneintrag/17237/3490007036/KLEIN_VIELENER_OELFRUCHT_UND_BROTGETREIDE_GMBH.html|c.petersen@luisenhof-eg.de
2699|||Gebrüder Räde GbR LandwirtschaftsbetriebHerrn Matthias Räde|Neschwitz|318949|1063|None||No Address|||No Business Description|No Business Name|https://duckduckgo.com/?q=Gebr%C3%BCder+R%C3%A4de+GbR+LandwirtschaftsbetriebHerrn+Matthias+R%C3%A4de+site%3Ahttp%3A%2F%2Fwww.firmenwissen.de%2F|None
15518|||FW Vieh- und Fleisch GmbH  Briesen|Briesen (Mark)|318432|1061|None||No Address|||No Business Description|No Business Name|http://www.firmenwissen.de/az/firmeneintrag/15518/3250007481/FUERSTENWALDER_VIEH_UND_FLEISCH_GMBH_BRIESEN.html|buchhaltung-br@agrarfrisch.de
14776|||Biogas Projekt GmbH|Brandenburg an der Havel Stadt|317465|1058|None||No Address|||No Business Description|No Business Name|http://www.firmenwissen.de/az/firmeneintrag/14641/3270133158/LINDENHOF_AGRAR_GMBH.html|None
6526|||Steinbachhof GmbH|Sangerhausen Stadt|317205|1057|None||No Address|||No Business Description|No Business Name|http://www.firmenwissen.de/az/7/1/6/6/5_12.html|None
39387|||LBG Neindorf GbR|Oschersleben (Bode) Stadt|316762|1056|None||No Address|||No Business Description|No Business Name|http://www.firmenwissen.de/az/firmeneintrag/39387/3170023780/LANDWIRTSCHAFTLICHE_BETRIEBSGESELLSCHAFT_GBR_NEINDORF.html|None
2788|||Agrarbetrieb Schlegel/Dittelsdorf GbR vertr.d. KregelHartmannRönschLeßmannQueißer|Zittau Stadt|315718|1052|None||No Address|||No Business Description|No Business Name|https://duckduckgo.com/?q=Agrarbetrieb+Schlegel%2FDittelsdorf+GbR+vertr.d.+KregelHartmannR%C3%B6nschLe%C3%9FmannQuei%C3%9Fer+site%3Ahttp%3A%2F%2Fwww.firmenwissen.de%2F|None
49453|||Heinrich & Friedhelm Rohlfs GbR|Hemsloh|315245|1051|None||No Address|||No Business Description|No Business Name|http://www.firmenwissen.de/az/firmeneintrag/49453/2050296593/HEINRICH_ROHLFS_FRIEDHELM_ROHLFS.html|None
39264|||LPHG Walternienburg mbH|Zerbst/Anhalt Stadt|314554|1049|None||No Address|||No Business Description|No Business Name|http://www.firmenwissen.de/az/firmeneintrag/39264/2370176186/ONDREY_THIELE.html|info@individuelle-wohnraumgestaltung.de
17348|||LBG Mildenitz mbH|Mildenitz|313942|1046|None||No Address|||No Business Description|No Business Name|http://www.firmenwissen.de/az/firmeneintrag/17348/3490038289/LBG_LANDBETRIEBSGESELLSCHAFT_REHBERG_MBH.html|None
39524|||LWG Elbufer Neuermark e.G|Klietz|313844|1046|None||No Address|||No Business Description|No Business Name|https://duckduckgo.com/?q=LWG+Elbufer+Neuermark+e.G+site%3Ahttp%3A%2F%2Fwww.firmenwissen.de%2F|None
38533|||Eickenhof GbR|Vordorf|313313|1044|None||No Address|||No Business Description|No Business Name|http://www.firmenwissen.de/az/firmeneintrag/38533/2070116297/AGRAR_SERVICE_GBR_HANSEN_HINZE_ISERMEYER_REINECKE_SCHOFER_GENTER.html|info@spargelreich.de
31174|||DEX Terra GmbH & Co. KG|Schellerten|312951|1043|None||No Address|||No Business Description|No Business Name|http://www.firmenwissen.de/az/firmeneintrag/31174/2210141508/DEXTERRA_GMBH_CO_KG.html|None
17398|||Fellwock / Schröder GbR Landwirtschaftsbetrieb|Ducherow|312476|1042|None||No Address|||No Business Description|No Business Name|http://www.firmenwissen.de/az/firmeneintrag/17398/3490089946/CARMELLA_FELLWOCK_UND_ECKARD_SCHROEDER.html|info@ducherow-agrar.de
37130|||NOVA -GbR|Gleichen|311639|1039|None||No Address|||No Business Description|No Business Name|http://www.firmenwissen.de/az/firmeneintrag/2557/9370218586/NOVA_SICAV_FIS.html|None
99192|||Balling Büttner & Wilk GbR|Nottleben|311457|1038|None||No Address|||No Business Description|No Business Name|http://www.firmenwissen.de/az/firmeneintrag/99192/3090034156/MANFRED_BUETTNER_THOMAS_BALLING_BBW_LANDWIRTSCHAFTSBETRIEB_GBR.html|info@bbw-potatoes.de
7619|||Agrarproduktion Dothen GmbH|Schkölen Stadt|310789|1036|None||No Address|||No Business Description|No Business Name|http://www.firmenwissen.de/az/firmeneintrag/07619/3410003122/AGRARPRODUKTION_DOTHEN_GESELLSCHAFT_MIT_BESCHRAENKTER_HAFTUNG.html|agrarproduktion-dothen@email.de
39638|||Landwirts-GbR Jerchel|Gardelegen Hansestadt|309979|1033|None||No Address|||No Business Description|No Business Name|http://www.firmenwissen.de/az/firmeneintrag/39638/3350015456/FRIEDRICH_WILHELM_GIGGEL_REINHARD_KULOW_HEINZ_DREBENSTEDT_GBR.html|landwirtsgbr@aol.com
3205|||LWB Zinnitz-Gr.Jehser GmbH & Co. Verm. KG|Calau Stadt|306066|1020|None||No Address|||No Business Description|No Business Name|https://duckduckgo.com/?q=LWB+Zinnitz-Gr.Jehser+GmbH+%26+Co.+Verm.+KG+site%3Ahttp%3A%2F%2Fwww.firmenwissen.de%2F|None
99610|||Wiesenburger Marktfrucht GmbH|Vogelsberg|305083|1017|None||No Address|||No Business Description|No Business Name|http://www.firmenwissen.de/az/firmeneintrag/14827/3450096824/WIESENBURGER_MARKTFRUCHT_GMBH.html|info@clag.de
17179|||Roder Armin & Söhne GbR|Behren-Lübchin|304656|1016|None||No Address|||No Business Description|No Business Name|http://www.firmenwissen.de/az/firmeneintrag/17179/3190081545/TORSTEN_RODER_UND_HOLGER_RODER.html|gbr-roder@t-online.de
9544|||Agrarhof Schwartenberg GmbH|Neuhausen/Erzgeb.|303327|1011|None||No Address|||No Business Description|No Business Name|http://www.firmenwissen.de/az/firmeneintrag/09548/3030048718/AGRARHOF_SCHWARTENBERG_GMBH.html|info@agrarhof-schwartenberg.de
39345|||Ohretal APH mbH & Co.KG Uthmöden/Satuelle|Haldensleben Stadt|298995|997|None||No Address|||No Business Description|No Business Name|http://www.firmenwissen.de/az/firmeneintrag/10719/2010073343/BETA_BETEILIGUNGSGESELLSCHAFT_FUER_WOHNUNGSBAU_MBH_CO_IMMOBILIEN_FONDS_KG.html|None
6179|||Agrar GmbH Holleben|Teutschenthal|298752|996|None||No Address|||No Business Description|No Business Name|http://www.firmenwissen.de/az/firmeneintrag/06179/3130023219/AGRAR_GMBH_HOLLEBEN.html|michael.tensfeld@wmagrar.de
17209|||GbR Liebenow|Rechlin|298317|994|None||No Address|||No Business Description|No Business Name|http://www.firmenwissen.de/az/firmeneintrag/25923/2090242808/JOACHIM_HEIN_UND_DAGMAR_LIEBENOW_HEIN_UND_LIEBENOW_GBR.html|None
29413|||GbR Ellenberg|Wallstawe|297923|993|None||No Address|||No Business Description|No Business Name|http://www.firmenwissen.de/az/firmeneintrag/99084/3090123663/KATJA_ELLENBERG_KINDERBEKLEIDUNG.html|None
6542|||LPAG Wolferstedt eG.|Allstedt Stadt|296559|989|None||No Address|||No Business Description|No Business Name|http://www.firmenwissen.de/az/firmeneintrag/06542/3130022423/LANDWIRTSCHAFTLICHE_PRODUKTIV_UND_ABSATZGENOSSENSCHAFT_WOLFERSTEDT_EG.html|None
17398|||Pieritz/Schröder GbR Landwirtschafstbetrieb|Ducherow|296497|988|None||No Address|||No Business Description|No Business Name|http://www.firmenwissen.de/az/firmeneintrag/17398/3490035483/HANS_JOACHIM_PIERITZ_UND_ECKARD_SCHROEDER.html|None
99628|||Aue-Milch GmbH|Guthmannshausen|295608|985|None||No Address|||No Business Description|No Business Name|http://www.firmenwissen.de/az/firmeneintrag/99628/3450028740/AUE_MILCH_GMBH.html|r.hecker@agrar-guthmannshausen.de
4849|||Authausener Landwirtschaftsgesellschafts mbH|Laußig|295597|985|None||No Address|||No Business Description|No Business Name|http://www.firmenwissen.de/az/firmeneintrag/04849/3150094663/AUTHAUSENER_LANDWIRTSCHAFTSGESELLSCHAFT_MBH_AUTHAUSEN.html|mail@a-lw.de
30974|||Calenberg Bredenbeck GbR|Wennigsen (Deister)|293997|980|None||No Address|||No Business Description|No Business Name|http://www.firmenwissen.de/az/3/0/9/7/4_2.html|None
15377|||AMG Agrar und Marketing Gesellschaft mbH|Oberbarnim|293333|978|None||No Address|||No Business Description|No Business Name|http://www.firmenwissen.de/az/firmeneintrag/15377/3250034237/AMG_AGRAR_MARKETING_GESELLSCHAFT_MBH_MAERKISCHE_SCHWEIZ.html|amg-grunow@t-online.de
18551|||Marktfrucht GbR Spyker|Glowe|292292|974|None||No Address|||No Business Description|No Business Name|http://www.firmenwissen.de/az/firmeneintrag/18551/3190306537/SAMSARA_GMBH.html|info@schloss-spyker.de
83410|||Bayer.Staatsmin.d.Justiz GKL|Laufen St|291891|973|None||No Address|||No Business Description|No Business Name|https://duckduckgo.com/?q=Bayer.Staatsmin.d.Justiz+GKL+site%3Ahttp%3A%2F%2Fwww.firmenwissen.de%2F|None
18516|||Landgut Bretwisch GmbH & Co. KG|Süderholz|291652|972|None||No Address|||No Business Description|No Business Name|http://www.firmenwissen.de/az/firmeneintrag/18516/3190044716/LANDGUT_BRETWISCH_GMBH.html|None
14959|||TRIMER Agrarprodukte GmbH|Trebbin Stadt|290971|970|None||No Address|||No Business Description|No Business Name|http://www.firmenwissen.de/az/firmeneintrag/14959/2011869721/TRIMER_AGRARPRODUKTE_GMBH.html|info@agt-eg.de
8223|||Landgut Neustadt GmbH|Neustadt/Vogtl.|290274|968|None||No Address|||No Business Description|No Business Name|http://www.firmenwissen.de/az/firmeneintrag/08223/8110036045/LANDGUT_NEUSTADT_GMBH.html|None
17139|||Bernd und Frank Meyer KG|Malchin Stadt|289729|966|None||No Address|||No Business Description|No Business Name|http://www.firmenwissen.de/az/firmeneintrag/17139/3490180416/BERND_UND_FRANK_MEYER_KG.html|None
16833|||Agrarges.Königshorst mbH|Fehrbellin|289446|965|None||No Address|||No Business Description|No Business Name|http://www.firmenwissen.de/az/firmeneintrag/16833/3270093083/AGRARGESELLSCHAFT_KOENIGSHORST_GMBH.html|None
4886|||Landesamt für Umwelt Landwirtschaft und Geologie Lehr- und Versuchsgut  Leiter|Arzberg|289366|965|None||No Address|||No Business Description|No Business Name|https://duckduckgo.com/?q=Landesamt+f%C3%BCr+Umwelt+Landwirtschaft+und+Geologie+Lehr-+und+Versuchsgut++Leiter+site%3Ahttp%3A%2F%2Fwww.firmenwissen.de%2F|None
14806|||AG -Planetal- Lütte e.G.|Bad Belzig Stadt|288793|963|None||No Address|||No Business Description|No Business Name|https://duckduckgo.com/?q=AG+-Planetal-+L%C3%BCtte+e.G.+site%3Ahttp%3A%2F%2Fwww.firmenwissen.de%2F|None
39317|||S & W  Agrar GmbH|Elbe-Parey|288786|963|None||No Address|||No Business Description|No Business Name|http://www.firmenwissen.de/az/firmeneintrag/06577/3450024215/W_P_AGRAR_HANDELS_GMBH.html|None
74889|||Kraichgauer Güterverwaltungen|Sinsheim Stadt|288212|961|None||No Address|||No Business Description|No Business Name|http://www.firmenwissen.de/az/firmeneintrag/74889/7050338427/KRAICHGAUER_GUETERVERWALTUNGEN_KG.html|mvg@gueterverwaltungen.de
18528|||Klaus Störtebeker Landwirtschafts GmbH|Patzig|287622|959|None||No Address|||No Business Description|No Business Name|http://www.firmenwissen.de/az/firmeneintrag/24357/2230210400/BALTIC_AGRAR_GMBH_CO_KG.html|None
19406|||Gut Prestin GmbH|Bülow|287303|958|None||No Address|||No Business Description|No Business Name|http://www.firmenwissen.de/az/firmeneintrag/19406/3330151651/GUT_PRESTIN_GMBH.html|None
15324|||Letschiner Agrargesell. mbH|Letschin|286477|955|None||No Address|||No Business Description|No Business Name|http://www.firmenwissen.de/az/firmeneintrag/99752/3230073890/WIPPERDORFER_AGRARGESELLSCHAFT_MBH.html|wipperdorferagrar@freenet.de
6268|||Gosa-Land GbR|Mücheln (Geiseltal) Stadt|286401|955|None||No Address|||No Business Description|No Business Name|http://www.firmenwissen.de/az/firmeneintrag/06268/3130021051/RUDOLF_GALANDER_GERALD_OBERREICH_KURT_SCHIMPF_GBR_LANDHANDEL.html|None
19339|||APG eG Viesecke|Plattenburg|283857|946|None||No Address|||No Business Description|No Business Name|http://www.firmenwissen.de/az/firmeneintrag/18299/3190016779/APG_WARDOW_E_G.html|None
3238|||Landw. GbR Sorno|Finsterwalde Stadt|283372|945|None||No Address|||No Business Description|No Business Name|http://www.firmenwissen.de/az/firmeneintrag/03238/3050043618/LANDWIRTSCHAFT_GBR_SORNO.html|None
17039|||Agrargenossenschaft Roggenhagen e.G.|Brunn|282432|941|None||No Address|||No Business Description|No Business Name|http://www.firmenwissen.de/az/firmeneintrag/17039/3490007825/AGRARGENOSSENSCHAFT_ROGGENHAGEN_E_G.html|agrar@roggenhagen.com
39264|||AG Steutz e. G.|Zerbst/Anhalt Stadt|282255|941|None||No Address|||No Business Description|No Business Name|http://www.firmenwissen.de/az/ag_90.html|None
6425|||LWPAG Schackstedt|Alsleben (Saale) Stadt|282182|941|None||No Address|||No Business Description|No Business Name|https://duckduckgo.com/?q=LWPAG+Schackstedt+site%3Ahttp%3A%2F%2Fwww.firmenwissen.de%2F|None
29393|||BG Ahrenholz GbR|Groß Oesingen|282171|941|None||No Address|||No Business Description|No Business Name|http://www.firmenwissen.de/az/bj_5.html|None
25920|||Hinrich Matthiesen AckerbauGbR|Risum-Lindholm|281959|940|None||No Address|||No Business Description|No Business Name|https://duckduckgo.com/?q=Hinrich+Matthiesen+AckerbauGbR+site%3Ahttp%3A%2F%2Fwww.firmenwissen.de%2F|None
38704|||Altenrode-Liebenburg GbR|Liebenburg|281772|939|None||No Address|||No Business Description|No Business Name|http://www.firmenwissen.de/az/firmeneintrag/38704/2130067956/ALTENRODE_LIEBENBURG_GBR_LORENZ_VON_SCHINTLING_HORNY_ALICE_WAETJEN_EGBERT_FREIHERR_VON_CRAMM.html|lorenz@schintling-horny.de
3099|||Landhöfe Kolkwitz GmbH|Kolkwitz|280507|935|None||No Address|||No Business Description|No Business Name|http://www.firmenwissen.de/az/firmeneintrag/03099/3050054382/LANDHOEFE_KOLKWITZ_GMBH.html|None
37133|||Marktfrucht GbR Hoher Hagen|Friedland|280315|934|None||No Address|||No Business Description|No Business Name|http://www.firmenwissen.de/az/firmeneintrag/37127/2110088297/JUTTA_LESSER_CAMPINGPLATZ_HOHER_HAGEN.html|camping.lesser@t-online.de
3253|||APG Prießen eG|Doberlug-Kirchhain Stadt|279679|932|None||No Address|||No Business Description|No Business Name|https://duckduckgo.com/?q=APG+Prie%C3%9Fen+eG+site%3Ahttp%3A%2F%2Fwww.firmenwissen.de%2F|None
17091|||GbR Engel|Rosenow|279294|931|None||No Address|||No Business Description|No Business Name|http://www.firmenwissen.de/az/firmeneintrag/28203/2050801932/ANDREAS_HOETZEL_PAULINA_SOLAR_SABAINI_GBR_ENGEL_WEINCAFE_GBR.html|info@engelweincafe-bremen.de
14641|||GbR Märk. Hof Selbelang|Paulinenaue|279131|930|None||No Address|||No Business Description|No Business Name|http://www.firmenwissen.de/az/firmeneintrag/14641/3270015540/DETLEF_WACKER_UND_DIETMAR_LUCKE_GBR_MAERKISCHER_HOF_SELBELANG.html|info@maerkischerhof.com
1623|||Strudel Ernst & Wilhelm GbR vertreten d. Ernst oder Wilhelm Strudel|Lommatzsch Stadt|279028|930|None||No Address|||No Business Description|No Business Name|https://duckduckgo.com/?q=Strudel+Ernst+%26+Wilhelm+GbR+vertreten+d.+Ernst+oder+Wilhelm+Strudel+site%3Ahttp%3A%2F%2Fwww.firmenwissen.de%2F|None
15926|||Agrar-GbR Karche Richter-Speller|Luckau Stadt|278993|930|None||No Address|||No Business Description|No Business Name|http://www.firmenwissen.de/az/firmeneintrag/15926/3050040041/RENE_SPELLER_UND_FRIEDHELM_RICHTER_KARCHE_GBR.html|info@gbr-karche.de
7646|||Agrargenossenschaft Ottendorf e.G.|Ottendorf|278091|927|None||No Address|||No Business Description|No Business Name|http://www.firmenwissen.de/az/firmeneintrag/07751/3410004240/AGRARGEMEINSCHAFT_GEBIRGE_EG_KLEINKROEBITZ.html|agrar.gebirge@t-online.de
18519|||Bremerhäger Landgut GmbH|Sundhagen|277813|926|None||No Address|||No Business Description|No Business Name|http://www.firmenwissen.de/az/firmeneintrag/18519/3190047076/BREMERHAEGER_LANDGUT_GMBH.html|None
16845|||H.Danhuber Gutsverwaltung Kantow/Blankenberg GbR|Wusterhausen/Dosse|277599|925|None||No Address|||No Business Description|No Business Name|http://www.firmenwissen.de/az/firmeneintrag/80337/3270021398/HELMUT_DANHUBER_UND_CLEMENS_OSTERWALD_DANHUBER_GBR.html|osterwald-danhuber@e-danhuber.de
18314|||Holck GbR|Divitz-Spoldershagen|275122|917|None||No Address|||No Business Description|No Business Name|http://www.firmenwissen.de/az/firmeneintrag/18314/3190098356/CHRISTAN_GRAF_VON_HOLCK_UND_BARBARA_GRAEFIN_VON_HOLCK.html|None
16845|||AG Breddin eG|Breddin|274327|914|None||No Address|||No Business Description|No Business Name|http://www.firmenwissen.de/az/firmeneintrag/8274/1421710615/BREEDING_BOTANICALS_INTERNATIONAL_AG.html|bbueter@bb-international.ch
9633|||AGRAR GmbH Zug|Halsbrücke|274244|914|None||No Address|||No Business Description|No Business Name|http://www.firmenwissen.de/az/firmeneintrag/09633/3030085838/AGRAR_GMBH_ZUG.html|verwaltung@agrar-niederschoena.de
6869|||Öko-Agrar-GbR Düben-Klieken Düben-Klieken|Coswig (Anhalt) Stadt|274151|914|None||No Address|||No Business Description|No Business Name|http://www.firmenwissen.de/az/firmeneintrag/06869/3290181428/INGMAR_ELSS_MANFRED_SCHOELLER_OLAF_DENELL_GBR.html|None
23992|||GbR Leu / Petters|Neukloster Stadt|272586|909|None||No Address|||No Business Description|No Business Name|http://www.firmenwissen.de/az/1/7/3/7/3_3.html|None
17268|||Gut Hardenbeck MF+VM GmbH|Boitzenburger Land|272270|908|None||No Address|||No Business Description|No Business Name|https://duckduckgo.com/?q=Gut+Hardenbeck+MF%2BVM+GmbH+site%3Ahttp%3A%2F%2Fwww.firmenwissen.de%2F|None
7580|||MKR Mutterkuh GmbH|Rückersdorf|271445|905|None||No Address|||No Business Description|No Business Name|http://www.firmenwissen.de/az/firmeneintrag/07580/3110066325/MKR_MUTTERKUH_GMBH.html|None
39171|||GbR Beese/Lüer|Sülzetal|271057|904|None||No Address|||No Business Description|No Business Name|http://www.firmenwissen.de/az/2/2/6/0/7_2.html|None
19288|||Denissen Landwirtschafts GmbH & CoKG|Wöbbelin|270817|903|None||No Address|||No Business Description|No Business Name|http://www.firmenwissen.de/az/firmeneintrag/19288/3330167324/DENISSEN_LANDWIRTSCHAFTS_GMBH_CO_KG.html|mail@hof-denissen.de
29439|||Sowa-Lühring GbR|Lüchow (Wendland) Stadt|270706|902|None||No Address|||No Business Description|No Business Name|http://www.firmenwissen.de/az/firmeneintrag/26465/2250242463/JENS_LUEHRING_BARKSTORE.html|None
4932|||Schradenmilch Milch- und Vieherzeugungs GmbH|Hirschfeld|270018|900|None||No Address|||No Business Description|No Business Name|https://duckduckgo.com/?q=Schradenmilch+Milch-+und+Vieherzeugungs+GmbH+site%3Ahttp%3A%2F%2Fwww.firmenwissen.de%2F|None
9432|||BAUERNLAND Agrar AG|Großolbersdorf|269913|900|None||No Address|||No Business Description|No Business Name|http://www.firmenwissen.de/az/firmeneintrag/09432/3030021870/BAUERNLAND_AGRARAKTIENGESELLSCHAFT.html|info@bauernland-ag.de
4924|||Landhof GmbH Möglenz|Bad Liebenwerda Stadt|269870|900|None||No Address|||No Business Description|No Business Name|http://www.firmenwissen.de/az/firmeneintrag/04931/3050253625/LANDHOF_GMBH_MOEGLENZ.html|info@ag-mbg.de
14827|||Agrargesellschaft Werbig mbH|Wiesenburg/Mark|268463|895|None||No Address|||No Business Description|No Business Name|http://www.firmenwissen.de/az/firmeneintrag/14827/3270003953/AGRARGESELLSCHAFT_WERBIG_MBH.html|post@jlwag.de
15324|||Caspari Landwirtschafts gesellschaft mbH & Co.KG|Letschin|268254|894|None||No Address|||No Business Description|No Business Name|http://www.firmenwissen.de/az/firmeneintrag/15324/3250269222/CASPARI_LANDWIRTSCHAFTSGESELLSCHAFT_MBH_CO_KG.html|None
14550|||Lehr-u.Versuchsanstalt f.Tierz|Groß Kreutz (Havel)|267980|893|None||No Address|||No Business Description|No Business Name|https://duckduckgo.com/?q=Lehr-u.Versuchsanstalt+f.Tierz+site%3Ahttp%3A%2F%2Fwww.firmenwissen.de%2F|None
17291|||von Arnim Frf  v. Reitzenstein Anke|Uckerfelde|267835|893|None||No Address|||No Business Description|No Business Name|https://duckduckgo.com/?q=von+Arnim+Frf++v.+Reitzenstein+Anke+site%3Ahttp%3A%2F%2Fwww.firmenwissen.de%2F|None
14797|||AG -Th. Müntzer- Krahne eG|Kloster Lehnin|267832|893|None||No Address|||No Business Description|No Business Name|http://www.firmenwissen.de/az/ag_86.html|None
17268|||AEG GbR Funkenhagen|Boitzenburger Land|267760|893|None||No Address|||No Business Description|No Business Name|http://www.firmenwissen.de/az/firmeneintrag/1246/9370017649/AEG_LUXEMBOURG_GMBH.html|None
6484|||BG Gersdorfer Burg GbR|Quedlinburg Stadt|267607|892|None||No Address|||No Business Description|No Business Name|https://duckduckgo.com/?q=BG+Gersdorfer+Burg+GbR+site%3Ahttp%3A%2F%2Fwww.firmenwissen.de%2F|None
14806|||AG -Bernhagenrind- e.G.|Bad Belzig Stadt|267361|891|None||No Address|||No Business Description|No Business Name|http://www.firmenwissen.de/az/firmeneintrag/01594/3070037441/AGRARGENOSSENSCHAFT_RIESA_E_G.html|ag-riesa-werner@web.de
16868|||Horstberger Mutterkuh GmbH Bantikow|Wusterhausen/Dosse|266941|890|None||No Address|||No Business Description|No Business Name|http://www.firmenwissen.de/az/firmeneintrag/16868/3270039038/HORSTBERGER_MUTTERKUH_GMBH_BANTIKOW.html|None
39359|||AG Wegenstedt mbH&Co.Landprod.|Calvörde|264995|883|None||No Address|||No Business Description|No Business Name|http://www.firmenwissen.de/az/zl_2.html|None
14959|||SCHRÖDER & PARTNER Dienstl. u. Abprod. GmbH|Trebbin Stadt|264421|881|None||No Address|||No Business Description|No Business Name|https://duckduckgo.com/?q=SCHR%C3%96DER+%26+PARTNER+Dienstl.+u.+Abprod.+GmbH+site%3Ahttp%3A%2F%2Fwww.firmenwissen.de%2F|None
39264|||LWPG Hohenlepte mbH|Zerbst/Anhalt Stadt|263675|879|None||No Address|||No Business Description|No Business Name|http://www.firmenwissen.de/az/firmeneintrag/39264/3290031008/LANDWIRTSCHAFTLICHE_PRODUKTIONSGESELLSCHAFT_HOHENLEPTE_MBH.html|lpgmbh@gmx.de
14959|||KSM Mutterkuhhaltungs GmbH|Trebbin Stadt|263589|879|None||No Address|||No Business Description|No Business Name|http://www.firmenwissen.de/az/firmeneintrag/14959/2010969061/KSM_MUTTERKUHHALTUNGS_GMBH.html|info@agt-eg.de
1561|||MAP Meißener Agrarprodukte AG|Priestewitz|263484|878|None||No Address|||No Business Description|No Business Name|http://www.firmenwissen.de/az/firmeneintrag/01561/3070453372/MAP_MEISSENER_AGRARPRODUKTE_AG_UND_AGRAR_PRODUKTIONS_UND_HANDELSGESELLSCHAFT_MBH_SONDERKULTUREN_GBR.html|None
39579|||Klein GbR|Bismark (Altmark) Stadt|262959|877|None||No Address|||No Business Description|No Business Name|http://www.firmenwissen.de/az/firmeneintrag/53619/5290176073/DOMINIK_KLEIN_LUTZ_KLEIN_GBR_BAUMDIENST.html|info@baumdienst-klein.de
17237|||Rindfl. &  Milcherzeuger- gesell. Dalmsdorf GmbH|Hohenzieritz|262921|876|None||No Address|||No Business Description|No Business Name|https://duckduckgo.com/?q=Rindfl.+%26++Milcherzeuger-+gesell.+Dalmsdorf+GmbH+site%3Ahttp%3A%2F%2Fwww.firmenwissen.de%2F|None
17139|||AG Leuschentin-Gielow mbH|Kummerow|262789|876|None||No Address|||No Business Description|No Business Name|https://duckduckgo.com/?q=AG+Leuschentin-Gielow+mbH+site%3Ahttp%3A%2F%2Fwww.firmenwissen.de%2F|None
39326|||LAKO Landbau GbR|Angern|262739|876|None||No Address|||No Business Description|No Business Name|http://www.firmenwissen.de/az/firmeneintrag/39326/3170079797/KLAUS_HORSTMANN_UND_ORTRUN_HORSTMANN_LAKO_LANDBAU_GBR.html|horstmann@angern-lako.de
14662|||Senzker Agro GmbH & Co.KG|Mühlenberge|262543|875|None||No Address|||No Business Description|No Business Name|http://www.firmenwissen.de/az/firmeneintrag/14662/3270163940/SENZKER_AGRO_GMBH_CO_KG.html|None
2959|||Lausitzer Heide GbR Hartmann und Pietsch vertreten d. Hans-Willi Hartmann o. Jürgen Pietsch|Schleife|262436|875|None||No Address|||No Business Description|No Business Name|https://duckduckgo.com/?q=Lausitzer+Heide+GbR+Hartmann+und+Pietsch+vertreten+d.+Hans-Willi+Hartmann+o.+J%C3%BCrgen+Pietsch+site%3Ahttp%3A%2F%2Fwww.firmenwissen.de%2F|None
4874|||Grüne Heide Ackerbau und Viehzucht GmbH in|Belgern-Schildau Stadt|261673|872|None||No Address|||No Business Description|No Business Name|http://www.firmenwissen.de/az/firmeneintrag/04874/3150049292/GRUENE_HEIDE_ACKERBAU_UND_VIEHZUCHT_GMBH_STARITZ.html|steffi.neubauer@t-online.de
17268|||AG-Uckerl.mbH Gerswalde|Gerswalde|261500|872|None||No Address|||No Business Description|No Business Name|https://duckduckgo.com/?q=AG-Uckerl.mbH+Gerswalde+site%3Ahttp%3A%2F%2Fwww.firmenwissen.de%2F|None
1623|||Arntitzhof GbR vertr.d.F.-J.Isensee F.Flebbe o. A. Zehentmair|Lommatzsch Stadt|261189|871|None||No Address|||No Business Description|No Business Name|https://duckduckgo.com/?q=Arntitzhof+GbR+vertr.d.F.-J.Isensee+F.Flebbe+o.+A.+Zehentmair+site%3Ahttp%3A%2F%2Fwww.firmenwissen.de%2F|None
7580|||Agrar GmbH Braunichswalde|Braunichswalde|260841|869|None||No Address|||No Business Description|No Business Name|http://www.firmenwissen.de/az/firmeneintrag/07580/3110022598/AGRAR_GMBH_BRAUNICHSWALDE.html|info@agrar-braunichswalde.de
6388|||Ökobetrieb Hof Pfaffendorf Inh. Anna Chouibi|Südliches Anhalt Stadt|260617|869|None||No Address|||No Business Description|No Business Name|http://www.firmenwissen.de/az/firmeneintrag/06388/3290185426/ANNA_CHOUIBI.html|hof-pfaffendorf@t-online.de
17268|||Landgesellschaft Schulzenfelde mbH & Co.KG|Templin Stadt|260440|868|None||No Address|||No Business Description|No Business Name|http://www.firmenwissen.de/az/firmeneintrag/17268/3490148379/LANDGESELLSCHAFT_SCHULZENFELDE_MBH_CO_KG.html|None
6679|||Rindermast GmbH|Hohenmölsen Stadt|257657|859|None||No Address|||No Business Description|No Business Name|http://www.firmenwissen.de/az/firmeneintrag/14913/2012432552/MEINSDORFER_RINDERMAST_GMBH.html|None
1665|||APH Agrar Produktions- und Handels-GmbH Jahna|Käbschütztal|257405|858|None||No Address|||No Business Description|No Business Name|http://www.firmenwissen.de/az/firmeneintrag/37345/3230028308/APH_VERWALTUNGSGESELLSCHAFT_MBH.html|None
39448|||Agro GbR Bodlak - Körtge Etgersleben|Börde-Hakel|257058|857|None||No Address|||No Business Description|No Business Name|https://duckduckgo.com/?q=Agro+GbR+Bodlak+-+K%C3%B6rtge+Etgersleben+site%3Ahttp%3A%2F%2Fwww.firmenwissen.de%2F|None
18513|||LW PG Grimmen West e.G|Wendisch Baggendorf|256692|856|None||No Address|||No Business Description|No Business Name|https://duckduckgo.com/?q=LW+PG+Grimmen+West+e.G+site%3Ahttp%3A%2F%2Fwww.firmenwissen.de%2F|None
15306|||AGW Agrarwirtschafts gesellschaft Worin mbH|Vierlinden|256646|855|None||No Address|||No Business Description|No Business Name|https://duckduckgo.com/?q=AGW+Agrarwirtschafts+gesellschaft+Worin+mbH+site%3Ahttp%3A%2F%2Fwww.firmenwissen.de%2F|None
19386|||Steenwijk Dairy GmbH|Gehlsbach|256447|855|None||No Address|||No Business Description|No Business Name|http://www.firmenwissen.de/az/firmeneintrag/19386/3330190003/STEENWIJK_DAIRY_GMBH.html|None
39307|||Nebeling/Albrecht GbR|Jerichow Stadt|256353|855|None||No Address|||No Business Description|No Business Name|http://www.firmenwissen.de/az/firmeneintrag/39307/3170117805/BERND_ALBRECHT_RICHARD_NEBELING_UND_INGRID_NEBELING_LANDWIRTSCHAFT_GBR.html|nebeling.klitsche@googlemail.com
39171|||Spengler & Kirchhof GbR|Sülzetal|256042|853|None||No Address|||No Business Description|No Business Name|http://www.firmenwissen.de/az/firmeneintrag/44135/4070211127/ZOELLER_KIRCHHOF_GBR.html|info@rath-kirchhof.de
17337|||Gut Werbelow GbR|Uckerland|253978|847|None||No Address|||No Business Description|No Business Name|http://www.firmenwissen.de/az/firmeneintrag/17337/3490047042/HANNA_UHLHORN_JULIUS_UHLHORN_KLAUS_HEINRICH_LIENAU_MARK_UHLHORN_GBR.html|None
19339|||Gut Krampfer Landwirtschafts KG|Plattenburg|253837|846|None||No Address|||No Business Description|No Business Name|http://www.firmenwissen.de/az/firmeneintrag/19339/3330151725/GUT_KRAMPFER_GMBH_CO_KG.html|None
19357|||Besitzgesellschaft Premslin GbR|Karstädt|253714|846|None||No Address|||No Business Description|No Business Name|http://www.firmenwissen.de/az/firmeneintrag/19357/3330245113/TORSTEN_GADOW_UND_GERHARD_KOLREP_OEKOLAND_BOBEROW_GBR.html|None
37124|||BG Stockhausen & Glitz GbR|Rosdorf|253466|845|None||No Address|||No Business Description|No Business Name|http://www.firmenwissen.de/az/0/4/4/3/5_2.html|None
16928|||AG eG Wolfshagen|Groß Pankow (Prignitz)|253103|844|None||No Address|||No Business Description|No Business Name|http://www.firmenwissen.de/az/firmeneintrag/38640/2130037940/VOLKSBANK_NORDHARZ_EG.html|info@vbnh.de
21730|||Janßen-von der Decken KG|Balje|252943|843|None||No Address|||No Business Description|No Business Name|http://www.firmenwissen.de/az/firmeneintrag/21730/2151514769/JANSSEN_VON_DER_DECKEN_KG.html|None
39638|||Heide-AEG -GEMIMA- e.G. Letzlingen|Gardelegen Hansestadt|252716|842|None||No Address|||No Business Description|No Business Name|https://duckduckgo.com/?q=Heide-AEG+-GEMIMA-+e.G.+Letzlingen+site%3Ahttp%3A%2F%2Fwww.firmenwissen.de%2F|None
17237|||AG Luisenhof eG Hohenzieritz|Hohenzieritz|252498|842|None||No Address|||No Business Description|No Business Name|http://www.firmenwissen.de/az/ag_80.html|None
17268|||Agrarbetrieb Flieth GmbH|Flieth-Stegelitz|252483|842|None||No Address|||No Business Description|No Business Name|http://www.firmenwissen.de/az/firmeneintrag/17268/3490158586/AGRARBETRIEB_FLIETH_GMBH.html|None
18195|||Prangendorfer Marktfruchtbau GbR|Cammin|252417|841|None||No Address|||No Business Description|No Business Name|http://www.firmenwissen.de/az/firmeneintrag/04749/3150107757/ANDREAS_UND_JOHANNES_PAAS_GBR_MARKTFRUCHTBAU.html|andreas.paas@gmx.de
99755|||A.Gerbothe/H.Wiesner G.b.R.|Hohenstein|251749|839|None||No Address|||No Business Description|No Business Name|http://www.firmenwissen.de/manager_az/vo_382.html|None
39579|||Deutsch-Kersten GbR|Rochau|251471|838|None||No Address|||No Business Description|No Business Name|http://www.firmenwissen.de/az/firmeneintrag/39579/3350026806/DEUTSCH_UND_KERSTEN_GBR.html|None
6780|||Landgestüt Sachsen-Anhalt Herr Siegmund Hintsche|Zörbig Stadt|250803|836|None||No Address|||No Business Description|No Business Name|https://duckduckgo.com/?q=Landgest%C3%BCt+Sachsen-Anhalt+Herr+Siegmund+Hintsche+site%3Ahttp%3A%2F%2Fwww.firmenwissen.de%2F|None
